customer_id,account_open_date,customer_segment,kyc_last_updated,risk_rating
CUST_00000,2024-12-13,business,2025-09-08,low
CUST_00001,2022-05-07,retail,2025-10-01,low
CUST_00002,2026-05-08,business,2026-06-21,low
CUST_00003,2024-04-24,retail,2026-06-13,low
CUST_00004,2022-07-22,retail,2025-10-31,low
CUST_00005,2021-10-20,high_net_worth,2024-11-22,low
CUST_00006,2025-04-11,business,2026-03-18,low
CUST_00007,2023-04-20,business,2026-03-01,medium
CUST_00008,2025-08-01,retail,2025-12-13,medium
CUST_00009,2025-12-13,retail,2025-12-13,medium
CUST_00010,2024-10-10,retail,2025-07-06,medium
CUST_00011,2022-02-19,high_net_worth,2025-04-07,low
CUST_00012,2023-02-09,retail,2025-12-20,low
CUST_00013,2024-02-06,business,2026-03-30,low
CUST_00014,2025-02-14,retail,2025-10-02,low
CUST_00015,2025-10-27,retail,2025-11-30,low
CUST_00016,2025-03-07,retail,2025-12-30,low
CUST_00017,2025-10-07,retail,2026-05-16,medium
CUST_00018,2025-08-06,business,2026-07-23,low
CUST_00019,2023-02-12,retail,2025-09-27,medium
CUST_00020,2025-11-12,business,2026-01-18,high
CUST_00021,2026-04-16,retail,2026-06-23,medium
CUST_00022,2023-11-02,high_net_worth,2026-05-12,low
CUST_00023,2025-02-07,business,2025-03-20,medium
CUST_00024,2024-04-08,business,2025-04-26,medium
CUST_00025,2025-10-30,retail,2026-07-23,medium
CUST_00026,2025-06-25,retail,2025-06-25,low
CUST_00027,2024-05-03,retail,2026-01-17,low
CUST_00028,2023-02-08,retail,2025-12-15,medium
CUST_00029,2024-06-21,retail,2025-12-14,low
CUST_00030,2023-11-03,business,2026-04-29,low
CUST_00031,2023-12-09,high_net_worth,2025-12-07,low
CUST_00032,2025-03-11,retail,2025-06-26,low
CUST_00033,2025-02-19,retail,2026-03-23,low
CUST_00034,2024-05-31,retail,2025-06-08,high
CUST_00035,2026-05-14,retail,2026-05-14,medium
CUST_00036,2023-02-16,retail,2025-05-19,medium
CUST_00037,2023-06-24,retail,2025-11-20,low
CUST_00038,2025-01-02,retail,2025-05-30,low
CUST_00039,2024-09-02,retail,2026-04-09,low
CUST_00040,2024-11-23,retail,2025-06-19,low
CUST_00041,2023-04-19,business,2025-12-17,low
CUST_00042,2022-10-04,business,2026-02-16,medium
CUST_00043,2025-12-26,retail,2026-01-20,high
CUST_00044,2024-06-22,business,2025-09-03,low
CUST_00045,2026-06-16,business,2026-06-16,low
CUST_00046,2024-04-13,retail,2026-02-17,low
CUST_00047,2025-04-17,retail,2026-07-17,low
CUST_00048,2024-11-10,retail,2025-10-29,low
CUST_00049,2024-04-05,retail,2025-07-29,low
CUST_00050,2024-12-02,retail,2025-08-31,low
CUST_00051,2024-07-27,retail,2026-02-07,low
CUST_00052,2022-09-25,business,2025-07-04,medium
CUST_00053,2022-07-05,retail,2026-03-14,low
CUST_00054,2026-06-30,business,2026-06-30,low
CUST_00055,2024-08-26,business,2025-08-30,low
CUST_00056,2022-04-30,retail,2025-10-29,low
CUST_00057,2023-11-23,retail,2026-02-17,low
CUST_00058,2025-07-04,retail,2025-07-18,medium
CUST_00059,2023-08-01,retail,2025-10-25,medium
CUST_00060,2025-10-21,retail,2026-05-02,low
CUST_00061,2026-06-01,retail,2026-06-01,low
CUST_00062,2023-05-23,retail,2026-05-22,low
CUST_00063,2023-12-21,business,2024-05-10,low
CUST_00064,2022-10-10,retail,2026-02-15,low
CUST_00065,2024-10-24,retail,2026-01-11,medium
CUST_00066,2022-04-16,retail,2025-04-12,low
CUST_00067,2024-06-08,retail,2025-04-05,low
CUST_00068,2022-11-13,retail,2025-08-06,low
CUST_00069,2026-01-10,retail,2026-01-10,low
CUST_00070,2026-01-16,retail,2026-01-16,medium
CUST_00071,2022-08-24,retail,2026-02-10,low
CUST_00072,2022-05-23,business,2026-07-14,low
CUST_00073,2021-11-08,retail,2025-04-13,low
CUST_00074,2024-11-30,retail,2026-01-19,medium
CUST_00075,2026-05-31,retail,2026-05-31,low
CUST_00076,2021-09-01,retail,2025-11-30,low
CUST_00077,2023-07-18,retail,2025-09-12,low
CUST_00078,2025-04-19,retail,2025-06-15,low
CUST_00079,2022-09-27,business,2026-03-12,medium
CUST_00080,2022-01-16,retail,2025-04-22,low
CUST_00081,2025-02-10,retail,2026-02-09,low
CUST_00082,2022-09-16,business,2026-06-24,low
CUST_00083,2022-08-15,retail,2026-04-21,low
CUST_00084,2024-01-14,retail,2026-03-21,low
CUST_00085,2023-05-23,retail,2026-05-22,medium
CUST_00086,2025-03-10,business,2026-05-24,low
CUST_00087,2021-12-02,retail,2025-12-24,low
CUST_00088,2021-08-26,retail,2025-08-13,low
CUST_00089,2021-08-30,retail,2026-07-04,low
CUST_00090,2022-11-14,retail,2025-10-13,low
CUST_00091,2026-04-25,retail,2026-04-25,low
CUST_00092,2024-09-15,retail,2026-07-06,low
CUST_00093,2024-04-26,retail,2026-01-18,low
CUST_00094,2021-10-07,retail,2025-12-04,high
CUST_00095,2023-10-24,retail,2023-10-24,low
CUST_00096,2023-11-13,retail,2026-01-04,low
CUST_00097,2025-10-18,retail,2025-10-18,low
CUST_00098,2022-08-04,retail,2026-05-13,low
CUST_00099,2024-11-09,high_net_worth,2025-05-22,low
CUST_00100,2026-01-25,high_net_worth,2026-01-25,low
CUST_00101,2021-08-18,retail,2025-09-29,low
CUST_00102,2025-07-31,retail,2026-01-09,medium
CUST_00103,2026-06-11,high_net_worth,2026-06-11,medium
CUST_00104,2026-02-20,business,2026-02-20,low
CUST_00105,2024-04-12,business,2026-06-27,high
CUST_00106,2026-01-05,retail,2026-01-05,high
CUST_00107,2022-05-07,retail,2025-03-21,low
CUST_00108,2023-12-26,retail,2026-06-28,low
CUST_00109,2024-12-01,high_net_worth,2025-08-02,low
CUST_00110,2026-07-05,retail,2026-07-05,low
CUST_00111,2024-02-23,retail,2026-06-07,low
CUST_00112,2025-10-10,retail,2025-10-10,low
CUST_00113,2021-09-04,retail,2025-09-26,high
CUST_00114,2025-01-30,retail,2026-04-30,low
CUST_00115,2024-03-03,business,2025-08-04,medium
CUST_00116,2026-06-07,business,2026-06-07,low
CUST_00117,2025-11-16,business,2026-07-05,low
CUST_00118,2025-06-30,retail,2025-08-11,medium
CUST_00119,2026-04-08,retail,2026-07-23,low
CUST_00120,2022-12-04,retail,2025-07-11,low
CUST_00121,2021-11-02,retail,2026-03-19,low
CUST_00122,2021-08-22,retail,2026-07-12,low
CUST_00123,2025-03-16,retail,2026-06-27,low
CUST_00124,2022-08-13,retail,2026-05-13,low
CUST_00125,2024-01-10,retail,2025-05-19,low
CUST_00126,2026-04-18,retail,2026-04-18,low
CUST_00127,2026-01-27,retail,2026-01-27,low
CUST_00128,2023-10-23,retail,2025-11-24,low
CUST_00129,2024-06-04,retail,2025-08-10,low
CUST_00130,2026-06-25,retail,2026-06-25,low
CUST_00131,2021-11-30,high_net_worth,2025-10-21,low
CUST_00132,2022-11-27,retail,2025-10-14,low
CUST_00133,2024-01-13,retail,2025-04-16,low
CUST_00134,2021-08-19,retail,2025-06-14,low
CUST_00135,2021-09-17,retail,2025-04-23,low
CUST_00136,2021-09-12,high_net_worth,2025-05-27,high
CUST_00137,2025-03-29,retail,2025-03-29,low
CUST_00138,2022-02-27,business,2024-09-27,low
CUST_00139,2024-01-09,retail,2026-06-01,low
CUST_00140,2022-12-04,retail,2026-04-29,low
CUST_00141,2022-04-07,retail,2025-08-09,low
CUST_00142,2025-09-18,high_net_worth,2025-09-18,low
CUST_00143,2024-04-20,retail,2026-05-13,low
CUST_00144,2025-11-19,retail,2025-11-19,low
CUST_00145,2025-02-20,retail,2026-07-19,low
CUST_00146,2024-06-22,retail,2025-06-03,medium
CUST_00147,2022-04-14,retail,2026-03-10,low
CUST_00148,2022-04-01,retail,2026-03-03,medium
CUST_00149,2024-08-04,retail,2025-08-12,low
CUST_00150,2024-11-22,business,2025-03-22,medium
CUST_00151,2023-11-23,business,2025-08-21,low
CUST_00152,2022-01-02,retail,2026-02-02,low
CUST_00153,2021-09-07,retail,2025-11-26,low
CUST_00154,2025-05-26,retail,2026-05-21,low
CUST_00155,2025-08-07,retail,2025-11-08,low
CUST_00156,2023-01-08,retail,2026-07-18,low
CUST_00157,2025-01-11,retail,2026-05-20,low
CUST_00158,2025-07-14,business,2026-03-26,low
CUST_00159,2026-05-15,business,2026-05-15,medium
CUST_00160,2024-07-11,retail,2025-04-08,low
CUST_00161,2024-07-31,high_net_worth,2025-10-17,low
CUST_00162,2023-09-25,retail,2026-05-20,low
CUST_00163,2025-07-13,retail,2026-05-29,low
CUST_00164,2022-12-25,retail,2026-03-07,medium
CUST_00165,2023-02-26,retail,2025-06-20,low
CUST_00166,2024-03-26,business,2026-05-26,low
CUST_00167,2025-08-16,business,2025-08-16,low
CUST_00168,2024-01-05,retail,2025-04-07,low
CUST_00169,2023-03-07,high_net_worth,2024-04-28,low
CUST_00170,2024-09-04,retail,2026-06-12,high
CUST_00171,2025-03-21,retail,2026-06-05,low
CUST_00172,2024-01-06,retail,2026-04-19,low
CUST_00173,2024-10-06,high_net_worth,2024-12-29,low
CUST_00174,2024-07-16,retail,2026-02-27,low
CUST_00175,2024-10-17,retail,2026-06-20,high
CUST_00176,2025-01-07,retail,2026-06-24,low
CUST_00177,2022-12-21,high_net_worth,2026-04-02,low
CUST_00178,2024-03-29,business,2026-02-03,low
CUST_00179,2024-03-18,business,2025-04-06,low
CUST_00180,2023-04-15,business,2026-02-19,low
CUST_00181,2024-09-25,business,2025-10-01,low
CUST_00182,2026-01-09,retail,2026-01-09,medium
CUST_00183,2022-04-19,retail,2025-08-07,low
CUST_00184,2026-04-01,business,2026-04-01,low
CUST_00185,2023-09-09,retail,2025-11-01,low
CUST_00186,2025-03-16,retail,2025-09-11,low
CUST_00187,2025-06-18,retail,2025-06-18,low
CUST_00188,2026-04-26,business,2026-06-04,low
CUST_00189,2022-01-23,retail,2026-06-08,low
CUST_00190,2024-05-25,high_net_worth,2026-07-10,medium
CUST_00191,2024-10-28,retail,2025-09-14,low
CUST_00192,2022-11-07,retail,2026-05-20,low
CUST_00193,2026-05-01,business,2026-05-01,low
CUST_00194,2023-09-23,retail,2025-07-26,low
CUST_00195,2024-01-27,retail,2025-10-09,low
CUST_00196,2023-10-13,retail,2026-07-20,medium
CUST_00197,2025-11-28,business,2025-11-28,low
CUST_00198,2021-10-20,retail,2025-05-21,low
CUST_00199,2025-05-05,retail,2025-05-05,high
CUST_00200,2023-03-01,business,2025-11-30,low
CUST_00201,2022-10-27,high_net_worth,2026-02-16,low
CUST_00202,2024-10-26,retail,2026-06-13,low
CUST_00203,2025-11-16,retail,2025-11-16,low
CUST_00204,2025-01-20,retail,2025-01-20,low
CUST_00205,2022-07-11,retail,2026-07-13,low
CUST_00206,2022-01-12,retail,2024-11-19,low
CUST_00207,2021-11-18,retail,2025-04-15,low
CUST_00208,2025-05-27,retail,2025-06-28,low
CUST_00209,2023-07-09,retail,2025-09-20,medium
CUST_00210,2025-10-10,retail,2025-10-10,low
CUST_00211,2023-01-02,retail,2025-07-22,low
CUST_00212,2024-06-18,retail,2025-06-25,low
CUST_00213,2022-12-27,business,2024-08-03,low
CUST_00214,2023-02-16,business,2025-06-22,low
CUST_00215,2021-08-09,business,2025-08-06,low
CUST_00216,2024-02-07,retail,2026-04-16,low
CUST_00217,2024-10-30,retail,2025-05-28,low
CUST_00218,2023-11-30,high_net_worth,2025-05-08,low
CUST_00219,2025-09-19,retail,2025-11-14,low
CUST_00220,2025-12-20,retail,2025-12-20,low
CUST_00221,2023-12-14,retail,2024-08-23,low
CUST_00222,2022-06-08,retail,2025-12-12,low
CUST_00223,2023-11-18,high_net_worth,2026-01-23,low
CUST_00224,2022-08-25,retail,2025-10-17,low
CUST_00225,2025-08-22,high_net_worth,2025-08-22,low
CUST_00226,2024-04-18,retail,2026-04-23,low
CUST_00227,2023-06-27,retail,2026-02-05,low
CUST_00228,2024-10-19,retail,2026-04-21,low
CUST_00229,2026-06-15,retail,2026-06-15,low
CUST_00230,2026-02-28,retail,2026-02-28,medium
CUST_00231,2021-12-04,retail,2025-06-23,low
CUST_00232,2023-07-11,high_net_worth,2026-02-11,medium
CUST_00233,2025-03-19,retail,2025-03-19,low
CUST_00234,2025-03-29,high_net_worth,2025-05-04,low
CUST_00235,2026-04-30,business,2026-07-06,low
CUST_00236,2021-11-03,retail,2026-02-26,low
CUST_00237,2025-12-27,business,2026-01-28,low
CUST_00238,2022-10-05,retail,2025-10-16,medium
CUST_00239,2025-05-02,retail,2025-08-21,low
CUST_00240,2024-11-10,business,2026-04-27,low
CUST_00241,2025-03-02,business,2026-02-02,low
CUST_00242,2022-06-09,retail,2026-05-24,low
CUST_00243,2026-05-12,retail,2026-05-12,medium
CUST_00244,2024-10-11,retail,2026-02-11,low
CUST_00245,2025-02-20,business,2025-09-05,low
CUST_00246,2025-03-03,retail,2026-07-24,medium
CUST_00247,2025-07-26,retail,2025-07-26,high
CUST_00248,2022-01-01,retail,2026-07-19,low
CUST_00249,2024-08-24,retail,2026-05-05,low
CUST_00250,2024-06-14,retail,2025-09-23,medium
CUST_00251,2024-08-12,business,2026-07-20,low
CUST_00252,2021-08-31,retail,2026-02-27,low
CUST_00253,2024-11-04,retail,2025-04-04,low
CUST_00254,2024-10-30,retail,2025-11-26,medium
CUST_00255,2024-11-24,business,2025-04-20,medium
CUST_00256,2024-11-26,business,2025-10-17,low
CUST_00257,2026-01-29,retail,2026-01-29,low
CUST_00258,2023-07-13,retail,2025-11-06,low
CUST_00259,2026-05-26,retail,2026-05-26,low
CUST_00260,2025-05-28,retail,2026-01-08,medium
CUST_00261,2025-07-10,business,2025-08-10,low
CUST_00262,2025-01-29,retail,2025-01-29,low
CUST_00263,2022-10-10,retail,2025-07-20,low
CUST_00264,2023-07-21,high_net_worth,2023-12-17,low
CUST_00265,2021-08-12,retail,2026-05-31,medium
CUST_00266,2024-10-13,retail,2025-05-26,low
CUST_00267,2021-12-03,retail,2026-06-21,medium
CUST_00268,2026-04-20,retail,2026-04-20,low
CUST_00269,2024-01-10,retail,2025-04-28,low
CUST_00270,2022-07-26,retail,2025-12-31,low
CUST_00271,2023-11-21,retail,2025-11-10,low
CUST_00272,2021-11-24,retail,2025-07-29,low
CUST_00273,2024-12-18,retail,2026-06-05,low
CUST_00274,2026-05-11,retail,2026-05-11,low
CUST_00275,2022-09-09,retail,2024-04-15,low
CUST_00276,2026-03-09,retail,2026-03-09,low
CUST_00277,2022-09-25,retail,2026-03-31,low
CUST_00278,2022-11-21,business,2025-08-02,low
CUST_00279,2022-05-04,business,2026-06-27,low
CUST_00280,2024-02-25,retail,2025-11-18,medium
CUST_00281,2022-02-01,retail,2026-02-04,low
CUST_00282,2025-09-06,retail,2026-02-03,low
CUST_00283,2024-05-15,retail,2026-05-09,low
CUST_00284,2025-12-02,retail,2025-12-02,medium
CUST_00285,2022-09-21,retail,2025-05-12,low
CUST_00286,2022-12-26,retail,2025-07-27,low
CUST_00287,2022-07-12,retail,2025-10-17,high
CUST_00288,2022-09-26,retail,2025-12-13,low
CUST_00289,2024-12-29,retail,2024-12-29,medium
CUST_00290,2026-03-09,business,2026-03-09,low
CUST_00291,2021-12-02,retail,2026-02-11,medium
CUST_00292,2024-01-30,high_net_worth,2024-02-29,medium
CUST_00293,2026-01-21,retail,2026-01-21,high
CUST_00294,2021-12-06,business,2026-07-02,low
CUST_00295,2021-08-06,high_net_worth,2026-07-05,medium
CUST_00296,2024-04-25,high_net_worth,2026-05-12,medium
CUST_00297,2022-09-16,business,2026-02-07,low
CUST_00298,2026-05-06,business,2026-05-06,low
CUST_00299,2026-01-23,retail,2026-02-11,high
CUST_00300,2025-02-25,business,2025-06-14,low
CUST_00301,2023-04-10,retail,2024-03-20,low
CUST_00302,2025-11-11,retail,2025-11-11,low
CUST_00303,2026-05-10,retail,2026-05-10,low
CUST_00304,2023-03-18,business,2026-04-17,low
CUST_00305,2022-09-15,retail,2023-09-13,low
CUST_00306,2022-11-11,retail,2026-03-19,low
CUST_00307,2022-07-25,retail,2025-12-12,medium
CUST_00308,2022-07-18,retail,2024-06-23,low
CUST_00309,2023-07-16,retail,2026-03-03,low
CUST_00310,2023-12-13,retail,2026-06-20,low
CUST_00311,2022-04-12,retail,2025-09-19,medium
CUST_00312,2024-10-19,retail,2025-06-24,high
CUST_00313,2026-01-14,retail,2026-01-14,low
CUST_00314,2022-10-18,retail,2025-06-24,low
CUST_00315,2025-02-26,retail,2025-10-22,low
CUST_00316,2021-09-03,retail,2025-08-15,low
CUST_00317,2024-06-21,retail,2025-12-21,low
CUST_00318,2022-04-21,retail,2026-04-30,low
CUST_00319,2026-04-25,high_net_worth,2026-04-25,low
CUST_00320,2023-04-04,high_net_worth,2026-02-05,low
CUST_00321,2024-04-20,retail,2025-08-07,low
CUST_00322,2024-03-25,retail,2025-10-25,medium
CUST_00323,2025-03-17,retail,2025-08-10,low
CUST_00324,2021-09-17,business,2026-02-23,low
CUST_00325,2024-07-30,retail,2025-07-17,low
CUST_00326,2022-04-23,business,2026-02-28,medium
CUST_00327,2024-06-01,retail,2024-06-01,low
CUST_00328,2026-04-14,retail,2026-04-14,low
CUST_00329,2022-03-02,retail,2025-09-23,low
CUST_00330,2025-08-09,business,2026-04-01,low
CUST_00331,2025-03-08,retail,2025-08-01,high
CUST_00332,2022-04-04,retail,2025-12-29,low
CUST_00333,2022-02-04,business,2025-05-24,low
CUST_00334,2021-12-24,retail,2026-01-14,low
CUST_00335,2024-05-30,retail,2026-07-25,low
CUST_00336,2022-10-09,retail,2026-07-11,low
CUST_00337,2024-11-24,business,2025-10-15,low
CUST_00338,2022-11-08,retail,2025-09-23,low
CUST_00339,2024-01-13,high_net_worth,2025-08-19,low
CUST_00340,2026-04-07,retail,2026-04-07,medium
CUST_00341,2024-06-14,high_net_worth,2025-08-06,medium
CUST_00342,2024-03-16,business,2025-12-15,medium
CUST_00343,2025-04-01,retail,2025-04-22,low
CUST_00344,2024-09-01,business,2025-05-27,low
CUST_00345,2024-01-13,business,2026-04-30,low
CUST_00346,2026-04-12,high_net_worth,2026-04-12,high
CUST_00347,2025-10-09,retail,2025-11-07,low
CUST_00348,2022-09-22,retail,2025-10-01,low
CUST_00349,2024-10-12,retail,2026-01-16,low
CUST_00350,2023-07-05,retail,2025-08-20,medium
CUST_00351,2023-09-20,retail,2026-06-01,medium
CUST_00352,2023-10-17,retail,2025-03-29,medium
CUST_00353,2024-06-22,retail,2024-06-22,low
CUST_00354,2024-02-17,retail,2025-01-07,low
CUST_00355,2022-06-10,retail,2025-12-01,low
CUST_00356,2021-09-28,business,2026-02-26,low
CUST_00357,2025-04-02,business,2025-06-23,medium
CUST_00358,2023-03-17,retail,2025-06-14,low
CUST_00359,2021-09-19,retail,2026-05-09,low
CUST_00360,2026-06-27,high_net_worth,2026-06-27,low
CUST_00361,2022-08-20,retail,2025-10-26,low
CUST_00362,2024-01-23,retail,2026-05-18,low
CUST_00363,2021-09-23,retail,2026-02-10,low
CUST_00364,2023-08-29,retail,2025-03-25,medium
CUST_00365,2022-05-15,retail,2025-03-14,low
CUST_00366,2025-09-13,business,2025-12-08,low
CUST_00367,2025-10-26,retail,2025-10-26,low
CUST_00368,2021-12-06,retail,2026-05-13,low
CUST_00369,2023-12-01,business,2025-11-08,low
CUST_00370,2023-10-04,business,2025-04-12,medium
CUST_00371,2025-09-06,retail,2025-11-18,low
CUST_00372,2025-05-26,retail,2025-12-23,high
CUST_00373,2022-06-21,retail,2025-11-10,low
CUST_00374,2025-01-07,retail,2026-06-18,low
CUST_00375,2023-08-18,retail,2025-04-29,low
CUST_00376,2024-12-15,high_net_worth,2026-02-15,low
CUST_00377,2025-03-21,retail,2025-06-14,medium
CUST_00378,2025-09-13,retail,2025-10-16,low
CUST_00379,2021-12-01,business,2025-06-02,low
CUST_00380,2021-11-12,retail,2025-03-13,low
CUST_00381,2025-12-14,high_net_worth,2026-05-16,medium
CUST_00382,2024-10-09,business,2026-03-07,low
CUST_00383,2023-09-24,retail,2026-02-14,medium
CUST_00384,2024-08-16,retail,2025-12-26,low
CUST_00385,2022-12-13,high_net_worth,2026-03-19,medium
CUST_00386,2025-03-26,business,2025-03-26,low
CUST_00387,2026-03-26,high_net_worth,2026-03-26,low
CUST_00388,2024-11-08,retail,2025-10-04,high
CUST_00389,2023-07-24,business,2025-07-29,low
CUST_00390,2025-08-18,retail,2025-08-18,low
CUST_00391,2022-06-25,retail,2026-01-11,low
CUST_00392,2026-06-18,retail,2026-06-18,low
CUST_00393,2026-03-10,retail,2026-03-10,low
CUST_00394,2024-01-02,retail,2026-04-02,low
CUST_00395,2023-12-26,retail,2025-06-18,medium
CUST_00396,2025-01-23,business,2025-01-23,medium
CUST_00397,2025-03-30,retail,2025-03-30,low
CUST_00398,2026-03-06,retail,2026-03-06,low
CUST_00399,2023-03-29,retail,2025-04-06,medium
CUST_00400,2024-08-23,retail,2026-03-15,low
CUST_00401,2025-12-08,high_net_worth,2026-05-21,low
CUST_00402,2024-07-17,business,2025-12-17,low
CUST_00403,2021-11-17,retail,2023-08-26,low
CUST_00404,2025-03-25,high_net_worth,2026-03-24,low
CUST_00405,2022-02-02,business,2026-03-24,low
CUST_00406,2025-03-29,retail,2026-01-28,high
CUST_00407,2025-08-08,business,2025-08-31,low
CUST_00408,2025-03-26,retail,2026-07-18,low
CUST_00409,2024-12-02,high_net_worth,2025-05-06,low
CUST_00410,2025-12-04,retail,2025-12-17,low
CUST_00411,2023-08-12,retail,2026-01-24,medium
CUST_00412,2024-11-14,retail,2026-03-05,low
CUST_00413,2022-12-19,business,2025-03-30,medium
CUST_00414,2024-02-03,retail,2025-07-26,low
CUST_00415,2024-04-30,retail,2025-12-12,low
CUST_00416,2024-03-10,retail,2026-02-05,low
CUST_00417,2025-10-01,business,2025-10-18,low
CUST_00418,2022-12-28,retail,2025-04-24,medium
CUST_00419,2026-01-03,high_net_worth,2026-01-03,low
CUST_00420,2022-12-13,retail,2025-07-14,low
CUST_00421,2021-07-27,retail,2025-03-30,low
CUST_00422,2022-09-27,retail,2025-12-01,low
CUST_00423,2024-04-07,retail,2024-04-07,medium
CUST_00424,2024-12-18,retail,2026-06-19,low
CUST_00425,2022-03-14,business,2026-04-08,low
CUST_00426,2025-04-01,retail,2025-09-06,low
CUST_00427,2024-02-18,business,2024-08-22,low
CUST_00428,2022-09-14,retail,2025-08-30,low
CUST_00429,2021-12-14,business,2024-10-16,low
CUST_00430,2021-12-17,high_net_worth,2026-03-08,low
CUST_00431,2026-02-02,business,2026-02-02,low
CUST_00432,2022-01-27,retail,2025-12-22,low
CUST_00433,2025-12-16,business,2025-12-16,medium
CUST_00434,2023-08-18,retail,2025-04-26,low
CUST_00435,2021-12-01,retail,2026-02-21,low
CUST_00436,2023-04-12,retail,2025-05-15,low
CUST_00437,2021-10-30,retail,2026-06-14,low
CUST_00438,2024-10-25,business,2025-08-22,medium
CUST_00439,2024-12-18,retail,2024-12-18,low
CUST_00440,2024-11-27,business,2025-04-24,low
CUST_00441,2024-10-06,retail,2025-04-27,medium
CUST_00442,2023-02-21,business,2026-01-11,medium
CUST_00443,2024-04-13,retail,2026-03-27,medium
CUST_00444,2022-11-14,retail,2026-02-08,low
CUST_00445,2024-06-17,business,2026-05-22,low
CUST_00446,2024-12-31,high_net_worth,2025-05-10,low
CUST_00447,2025-08-01,retail,2026-01-27,low
CUST_00448,2023-10-17,retail,2026-07-07,low
CUST_00449,2022-01-26,retail,2026-02-03,medium
CUST_00450,2022-04-08,retail,2026-01-20,low
CUST_00451,2025-04-08,business,2026-02-14,low
CUST_00452,2024-02-27,business,2025-05-13,low
CUST_00453,2023-01-11,retail,2026-06-29,low
CUST_00454,2023-06-28,retail,2025-03-17,low
CUST_00455,2026-03-11,retail,2026-03-11,low
CUST_00456,2023-08-06,high_net_worth,2025-07-10,low
CUST_00457,2026-05-01,retail,2026-06-08,low
CUST_00458,2025-12-12,business,2025-12-12,low
CUST_00459,2023-04-14,retail,2025-09-21,low
CUST_00460,2026-01-06,retail,2026-01-06,low
CUST_00461,2024-11-04,retail,2025-09-28,low
CUST_00462,2023-08-10,high_net_worth,2026-03-29,low
CUST_00463,2023-04-11,retail,2025-07-15,low
CUST_00464,2024-04-25,retail,2025-10-02,low
CUST_00465,2026-01-21,retail,2026-01-21,medium
CUST_00466,2022-07-25,retail,2025-07-18,low
CUST_00467,2021-10-25,high_net_worth,2025-05-10,low
CUST_00468,2022-02-13,retail,2025-03-19,high
CUST_00469,2022-10-25,retail,2024-01-11,medium
CUST_00470,2024-07-12,retail,2025-08-29,low
CUST_00471,2022-03-07,retail,2026-02-10,low
CUST_00472,2024-02-08,retail,2025-05-11,high
CUST_00473,2025-11-05,retail,2025-11-05,low
CUST_00474,2022-04-23,retail,2025-04-03,low
CUST_00475,2024-12-08,retail,2025-03-16,low
CUST_00476,2021-11-14,retail,2025-05-03,medium
CUST_00477,2024-09-12,retail,2025-06-04,low
CUST_00478,2022-03-20,retail,2025-06-15,low
CUST_00479,2023-11-11,retail,2025-04-14,low
CUST_00480,2024-03-17,retail,2025-10-15,medium
CUST_00481,2025-01-19,retail,2025-11-10,low
CUST_00482,2022-05-20,retail,2025-07-29,medium
CUST_00483,2026-03-23,retail,2026-03-23,low
CUST_00484,2024-03-14,retail,2025-09-24,high
CUST_00485,2024-09-11,retail,2026-03-23,medium
CUST_00486,2023-10-31,retail,2025-10-26,low
CUST_00487,2025-04-06,retail,2025-04-13,low
CUST_00488,2023-03-26,retail,2025-08-29,low
CUST_00489,2024-08-11,retail,2025-10-09,high
CUST_00490,2025-08-04,business,2026-04-06,low
CUST_00491,2025-07-19,retail,2026-03-20,low
CUST_00492,2023-01-27,retail,2025-06-23,medium
CUST_00493,2025-03-23,retail,2025-12-17,low
CUST_00494,2024-12-31,business,2026-07-12,medium
CUST_00495,2023-06-02,retail,2025-05-23,low
CUST_00496,2024-11-21,retail,2026-05-31,low
CUST_00497,2024-08-07,retail,2025-08-01,low
CUST_00498,2025-04-24,retail,2025-07-09,low
CUST_00499,2024-10-23,retail,2026-02-21,low
CUST_00500,2023-02-03,business,2025-07-18,medium
CUST_00501,2023-11-17,business,2025-11-12,low
CUST_00502,2021-07-31,high_net_worth,2025-09-13,low
CUST_00503,2022-09-12,retail,2025-12-05,medium
CUST_00504,2026-06-10,retail,2026-06-10,medium
CUST_00505,2024-08-24,business,2026-03-08,low
CUST_00506,2025-02-01,retail,2026-05-11,medium
CUST_00507,2023-08-12,business,2025-03-18,low
CUST_00508,2025-03-17,retail,2026-02-19,low
CUST_00509,2021-09-26,retail,2024-09-07,low
CUST_00510,2025-01-15,retail,2025-06-04,medium
CUST_00511,2023-12-09,business,2025-11-11,low
CUST_00512,2025-11-30,retail,2026-03-01,low
CUST_00513,2022-01-06,retail,2025-09-13,medium
CUST_00514,2022-01-02,retail,2026-01-06,low
CUST_00515,2022-08-04,retail,2025-08-19,low
CUST_00516,2024-10-12,retail,2026-01-29,low
CUST_00517,2026-03-26,business,2026-03-26,low
CUST_00518,2023-01-01,retail,2023-11-04,low
CUST_00519,2024-05-25,business,2025-07-11,low
CUST_00520,2021-08-13,business,2025-11-22,high
CUST_00521,2023-01-24,retail,2025-06-02,low
CUST_00522,2023-11-09,retail,2026-01-28,low
CUST_00523,2021-08-20,retail,2025-11-05,low
CUST_00524,2022-07-23,retail,2025-11-04,low
CUST_00525,2024-04-02,retail,2026-05-23,high
CUST_00526,2026-06-06,high_net_worth,2026-07-19,low
CUST_00527,2026-01-24,high_net_worth,2026-04-06,low
CUST_00528,2024-04-28,business,2024-04-28,low
CUST_00529,2023-09-27,retail,2026-05-10,low
CUST_00530,2026-05-17,retail,2026-05-17,low
CUST_00531,2025-11-23,business,2025-11-23,high
CUST_00532,2023-01-13,retail,2026-07-18,low
CUST_00533,2022-10-19,retail,2024-08-24,low
CUST_00534,2026-05-18,retail,2026-06-17,low
CUST_00535,2024-01-04,retail,2026-02-19,low
CUST_00536,2026-02-14,retail,2026-02-14,low
CUST_00537,2022-12-09,retail,2026-05-08,low
CUST_00538,2022-05-23,retail,2025-09-20,low
CUST_00539,2022-03-20,business,2025-04-14,low
CUST_00540,2023-07-24,high_net_worth,2025-05-31,medium
CUST_00541,2023-05-29,retail,2026-05-18,low
CUST_00542,2021-12-06,business,2023-12-23,medium
CUST_00543,2023-06-28,high_net_worth,2025-12-22,low
CUST_00544,2024-04-24,retail,2026-06-16,low
CUST_00545,2022-10-14,retail,2026-03-08,medium
CUST_00546,2023-08-06,retail,2025-09-12,low
CUST_00547,2022-05-08,retail,2025-07-06,low
CUST_00548,2023-12-04,business,2025-10-20,low
CUST_00549,2022-03-21,retail,2026-07-10,low
CUST_00550,2026-04-20,retail,2026-04-20,medium
CUST_00551,2026-05-06,retail,2026-05-06,low
CUST_00552,2026-01-12,retail,2026-01-12,medium
CUST_00553,2023-10-08,high_net_worth,2025-09-16,low
CUST_00554,2023-01-04,retail,2025-06-28,low
CUST_00555,2025-06-14,retail,2025-12-31,low
CUST_00556,2025-10-02,retail,2026-06-16,medium
CUST_00557,2022-04-05,retail,2025-12-18,low
CUST_00558,2022-10-21,retail,2023-11-30,medium
CUST_00559,2023-04-24,retail,2025-06-23,low
CUST_00560,2024-02-08,retail,2025-05-20,low
CUST_00561,2024-06-10,retail,2025-09-07,low
CUST_00562,2026-06-03,business,2026-07-04,low
CUST_00563,2025-08-04,retail,2025-08-04,medium
CUST_00564,2022-01-29,retail,2025-09-10,low
CUST_00565,2024-11-04,retail,2025-08-07,low
CUST_00566,2023-01-12,business,2025-11-03,low
CUST_00567,2023-01-14,retail,2025-12-25,low
CUST_00568,2024-12-27,retail,2025-05-28,low
CUST_00569,2025-07-06,retail,2026-01-11,medium
CUST_00570,2023-02-05,retail,2026-01-17,low
CUST_00571,2026-01-22,business,2026-01-22,low
CUST_00572,2024-01-27,retail,2025-12-20,low
CUST_00573,2022-02-14,business,2026-06-15,low
CUST_00574,2022-12-31,business,2023-09-21,low
CUST_00575,2022-09-26,retail,2025-08-22,low
CUST_00576,2026-02-10,high_net_worth,2026-02-10,low
CUST_00577,2025-07-14,retail,2026-02-13,medium
CUST_00578,2025-02-28,business,2026-05-04,high
CUST_00579,2025-01-27,retail,2025-09-18,high
CUST_00580,2025-07-24,retail,2025-07-24,medium
CUST_00581,2021-09-15,retail,2026-04-15,low
CUST_00582,2025-09-15,retail,2025-10-08,low
CUST_00583,2023-01-06,retail,2025-03-13,low
CUST_00584,2023-08-13,high_net_worth,2024-10-28,low
CUST_00585,2023-07-01,retail,2023-08-16,low
CUST_00586,2025-06-17,retail,2026-01-28,low
CUST_00587,2024-12-31,retail,2025-08-01,high
CUST_00588,2023-07-09,retail,2025-05-12,medium
CUST_00589,2025-01-15,retail,2025-12-06,low
CUST_00590,2023-01-31,high_net_worth,2024-03-10,low
CUST_00591,2026-04-30,retail,2026-04-30,low
CUST_00592,2026-03-01,retail,2026-03-01,low
CUST_00593,2022-11-30,retail,2026-03-20,medium
CUST_00594,2023-06-20,retail,2025-11-26,high
CUST_00595,2026-04-23,retail,2026-04-23,low
CUST_00596,2022-01-25,business,2025-04-07,low
CUST_00597,2026-07-02,retail,2026-07-02,low
CUST_00598,2021-10-15,high_net_worth,2025-05-16,low
CUST_00599,2022-11-28,retail,2026-05-20,low
CUST_00600,2021-08-17,retail,2025-07-23,low
CUST_00601,2021-10-27,business,2025-06-15,low
CUST_00602,2024-12-21,high_net_worth,2026-06-03,low
CUST_00603,2022-10-10,business,2026-01-19,low
CUST_00604,2025-06-24,high_net_worth,2025-12-08,low
CUST_00605,2024-03-09,business,2025-05-11,low
CUST_00606,2025-05-02,business,2026-05-08,medium
CUST_00607,2024-02-12,retail,2025-11-12,low
CUST_00608,2022-03-15,business,2026-03-06,low
CUST_00609,2024-05-12,retail,2026-01-13,low
CUST_00610,2026-01-24,retail,2026-01-24,low
CUST_00611,2024-11-30,retail,2025-11-08,low
CUST_00612,2022-08-17,high_net_worth,2025-07-04,low
CUST_00613,2023-12-09,high_net_worth,2025-12-22,low
CUST_00614,2023-10-01,retail,2026-04-29,high
CUST_00615,2024-05-21,business,2026-02-02,low
CUST_00616,2025-01-27,business,2026-02-18,low
CUST_00617,2023-07-24,retail,2025-10-18,medium
CUST_00618,2023-05-22,retail,2026-06-06,low
CUST_00619,2022-01-27,retail,2026-05-17,low
CUST_00620,2023-06-18,business,2025-06-25,medium
CUST_00621,2021-08-05,retail,2025-10-05,low
CUST_00622,2022-06-05,high_net_worth,2024-02-23,low
CUST_00623,2026-02-18,retail,2026-02-18,low
CUST_00624,2024-07-31,high_net_worth,2026-03-02,low
CUST_00625,2024-08-13,retail,2025-09-04,medium
CUST_00626,2026-07-05,business,2026-07-05,low
CUST_00627,2025-08-17,retail,2026-06-19,low
CUST_00628,2022-09-30,retail,2026-02-13,low
CUST_00629,2024-10-11,business,2025-09-24,low
CUST_00630,2025-10-16,high_net_worth,2026-02-15,low
CUST_00631,2025-02-05,business,2026-04-12,low
CUST_00632,2025-02-28,retail,2025-05-23,medium
CUST_00633,2025-08-29,retail,2026-02-28,low
CUST_00634,2026-01-08,retail,2026-01-08,medium
CUST_00635,2022-09-27,retail,2025-04-09,low
CUST_00636,2022-06-09,retail,2024-12-27,low
CUST_00637,2024-01-24,business,2025-10-02,low
CUST_00638,2023-06-23,business,2025-08-26,medium
CUST_00639,2021-12-20,business,2026-06-02,low
CUST_00640,2022-05-07,business,2025-11-03,low
CUST_00641,2026-05-13,business,2026-05-22,medium
CUST_00642,2021-10-20,retail,2025-04-16,low
CUST_00643,2026-03-11,retail,2026-03-11,low
CUST_00644,2026-05-23,retail,2026-05-23,low
CUST_00645,2024-07-11,business,2026-05-07,low
CUST_00646,2022-10-30,retail,2025-09-14,low
CUST_00647,2026-02-15,retail,2026-02-15,low
CUST_00648,2025-01-26,retail,2025-08-01,medium
CUST_00649,2025-03-22,retail,2025-03-22,low
CUST_00650,2024-07-21,retail,2025-04-27,low
CUST_00651,2021-08-21,business,2026-06-28,high
CUST_00652,2024-11-18,retail,2025-03-29,low
CUST_00653,2025-06-27,retail,2025-09-03,low
CUST_00654,2025-12-01,business,2026-06-29,low
CUST_00655,2025-07-17,retail,2025-10-08,low
CUST_00656,2025-11-12,business,2026-04-07,low
CUST_00657,2023-09-06,retail,2026-06-20,high
CUST_00658,2024-06-09,retail,2026-06-24,medium
CUST_00659,2024-01-21,retail,2025-03-17,low
CUST_00660,2022-05-26,retail,2025-10-27,low
CUST_00661,2023-08-25,business,2025-12-26,medium
CUST_00662,2025-10-03,retail,2026-07-22,low
CUST_00663,2024-08-28,retail,2024-09-13,medium
CUST_00664,2024-12-22,retail,2025-05-28,low
CUST_00665,2022-06-05,business,2025-12-11,low
CUST_00666,2025-01-01,business,2025-09-06,medium
CUST_00667,2025-11-02,high_net_worth,2025-11-02,low
CUST_00668,2022-11-16,retail,2025-12-31,low
CUST_00669,2024-05-26,retail,2026-03-27,medium
CUST_00670,2026-01-18,retail,2026-06-23,low
CUST_00671,2023-02-08,retail,2025-11-20,low
CUST_00672,2025-06-24,high_net_worth,2026-03-26,low
CUST_00673,2022-03-22,business,2025-09-22,low
CUST_00674,2022-05-26,retail,2026-04-22,low
CUST_00675,2024-09-10,retail,2024-09-10,low
CUST_00676,2023-10-09,high_net_worth,2026-03-21,low
CUST_00677,2023-09-17,retail,2025-10-24,medium
CUST_00678,2023-04-15,retail,2025-03-31,low
CUST_00679,2026-03-07,retail,2026-06-12,low
CUST_00680,2024-11-30,retail,2025-03-22,low
CUST_00681,2025-09-05,retail,2026-04-20,medium
CUST_00682,2023-01-25,retail,2025-07-24,low
CUST_00683,2026-03-07,retail,2026-03-07,medium
CUST_00684,2023-12-18,retail,2025-08-11,low
CUST_00685,2022-12-01,retail,2025-08-28,low
CUST_00686,2021-10-28,retail,2026-01-12,medium
CUST_00687,2025-02-04,high_net_worth,2025-11-12,medium
CUST_00688,2026-06-26,business,2026-06-26,low
CUST_00689,2022-12-09,retail,2025-10-25,low
CUST_00690,2026-07-08,retail,2026-07-08,low
CUST_00691,2026-03-12,business,2026-03-12,low
CUST_00692,2021-08-13,retail,2026-07-05,medium
CUST_00693,2022-04-01,retail,2025-06-10,medium
CUST_00694,2023-01-07,high_net_worth,2025-08-12,low
CUST_00695,2022-05-20,retail,2026-05-19,low
CUST_00696,2026-02-24,business,2026-02-24,low
CUST_00697,2026-01-31,retail,2026-03-18,low
CUST_00698,2025-01-12,retail,2026-02-08,low
CUST_00699,2026-05-29,retail,2026-05-29,low
CUST_00700,2022-02-14,retail,2026-04-26,low
CUST_00701,2026-03-31,retail,2026-03-31,low
CUST_00702,2023-10-30,retail,2025-09-01,high
CUST_00703,2022-04-17,business,2025-06-06,low
CUST_00704,2022-11-18,retail,2026-02-20,low
CUST_00705,2025-05-12,retail,2025-05-12,low
CUST_00706,2024-03-11,business,2025-11-25,low
CUST_00707,2023-10-22,business,2025-03-29,low
CUST_00708,2022-09-20,retail,2025-12-13,low
CUST_00709,2024-05-30,retail,2025-10-05,low
CUST_00710,2025-02-10,high_net_worth,2025-08-31,low
CUST_00711,2022-08-01,retail,2026-03-07,medium
CUST_00712,2022-02-17,business,2025-05-10,low
CUST_00713,2024-02-07,high_net_worth,2026-04-26,low
CUST_00714,2026-05-21,business,2026-05-21,low
CUST_00715,2024-01-16,retail,2025-12-28,medium
CUST_00716,2022-02-12,retail,2023-11-01,low
CUST_00717,2021-08-15,retail,2026-01-03,medium
CUST_00718,2024-07-15,retail,2026-06-26,low
CUST_00719,2025-10-12,high_net_worth,2026-05-08,low
CUST_00720,2023-09-09,retail,2026-02-08,low
CUST_00721,2022-05-29,retail,2026-03-10,low
CUST_00722,2021-11-03,retail,2025-12-04,low
CUST_00723,2026-04-08,high_net_worth,2026-04-08,low
CUST_00724,2025-01-31,retail,2026-07-14,low
CUST_00725,2024-02-27,retail,2024-02-27,low
CUST_00726,2026-01-14,retail,2026-01-14,low
CUST_00727,2022-02-17,retail,2026-06-05,low
CUST_00728,2025-12-19,retail,2025-12-19,medium
CUST_00729,2023-03-24,retail,2026-04-23,low
CUST_00730,2021-12-21,retail,2026-04-09,medium
CUST_00731,2023-02-16,retail,2025-10-03,low
CUST_00732,2022-09-28,retail,2025-11-11,medium
CUST_00733,2025-03-21,retail,2025-04-29,medium
CUST_00734,2022-06-04,retail,2025-12-18,low
CUST_00735,2024-06-13,retail,2025-10-19,high
CUST_00736,2026-03-22,retail,2026-03-22,low
CUST_00737,2024-09-15,retail,2026-06-08,low
CUST_00738,2024-10-15,retail,2025-10-04,medium
CUST_00739,2023-12-10,retail,2025-04-24,low
CUST_00740,2025-03-18,retail,2025-09-20,low
CUST_00741,2024-03-26,retail,2025-06-07,low
CUST_00742,2024-05-27,business,2026-02-06,low
CUST_00743,2024-11-26,retail,2025-07-07,low
CUST_00744,2023-01-27,retail,2026-01-29,low
CUST_00745,2025-01-04,retail,2025-05-19,low
CUST_00746,2022-09-23,retail,2025-08-09,low
CUST_00747,2025-04-12,retail,2025-04-12,low
CUST_00748,2022-03-28,business,2026-01-04,low
CUST_00749,2024-09-18,business,2026-01-14,low
CUST_00750,2026-04-28,retail,2026-07-05,low
CUST_00751,2025-10-12,retail,2025-11-08,low
CUST_00752,2022-07-12,retail,2025-11-09,medium
CUST_00753,2022-03-15,retail,2025-04-27,medium
CUST_00754,2025-06-22,retail,2026-06-30,low
CUST_00755,2023-07-17,retail,2025-12-24,low
CUST_00756,2023-09-05,retail,2026-02-04,medium
CUST_00757,2025-11-10,high_net_worth,2026-07-15,medium
CUST_00758,2024-04-13,retail,2025-07-11,low
CUST_00759,2023-02-01,retail,2025-08-05,low
CUST_00760,2021-09-24,business,2026-07-25,low
CUST_00761,2022-04-28,retail,2024-04-06,low
CUST_00762,2026-01-14,retail,2026-01-14,medium
CUST_00763,2025-05-07,retail,2025-11-30,low
CUST_00764,2024-05-11,high_net_worth,2024-11-28,low
CUST_00765,2025-10-11,retail,2025-10-11,low
CUST_00766,2023-09-12,retail,2025-03-20,medium
CUST_00767,2026-06-25,retail,2026-06-25,low
CUST_00768,2025-12-17,retail,2025-12-17,medium
CUST_00769,2026-04-16,retail,2026-04-16,low
CUST_00770,2025-01-22,retail,2025-01-22,low
CUST_00771,2022-09-30,retail,2023-09-10,low
CUST_00772,2025-08-24,retail,2026-04-01,low
CUST_00773,2021-08-19,business,2026-04-13,high
CUST_00774,2025-03-10,retail,2025-11-04,low
CUST_00775,2026-04-20,business,2026-04-20,low
CUST_00776,2024-11-10,retail,2026-07-09,low
CUST_00777,2022-10-25,retail,2024-09-07,low
CUST_00778,2025-12-29,business,2026-01-07,low
CUST_00779,2026-03-02,business,2026-03-02,low
CUST_00780,2022-04-25,retail,2026-04-16,low
CUST_00781,2023-08-04,high_net_worth,2025-08-06,low
CUST_00782,2024-10-27,retail,2025-08-02,low
CUST_00783,2022-10-11,retail,2025-06-26,low
CUST_00784,2022-05-04,high_net_worth,2025-10-20,low
CUST_00785,2024-09-28,retail,2025-03-20,low
CUST_00786,2023-09-29,business,2026-04-25,low
CUST_00787,2026-06-21,retail,2026-06-21,low
CUST_00788,2025-01-02,business,2026-02-02,medium
CUST_00789,2023-07-29,retail,2025-11-25,medium
CUST_00790,2025-07-19,retail,2025-09-02,low
CUST_00791,2021-08-11,retail,2026-06-03,low
CUST_00792,2021-09-17,retail,2023-08-19,low
CUST_00793,2025-03-31,retail,2025-11-21,low
CUST_00794,2024-07-23,retail,2025-03-15,low
CUST_00795,2025-08-02,retail,2025-10-22,low
CUST_00796,2024-01-10,retail,2025-03-17,medium
CUST_00797,2025-11-28,retail,2025-11-28,low
CUST_00798,2024-08-02,business,2025-08-23,low
CUST_00799,2023-10-09,business,2026-04-29,low
CUST_00800,2023-06-29,business,2026-06-20,low
CUST_00801,2023-07-27,retail,2025-06-17,low
CUST_00802,2025-06-05,business,2026-07-11,low
CUST_00803,2022-08-06,retail,2025-07-17,low
CUST_00804,2023-02-04,retail,2025-08-19,medium
CUST_00805,2022-10-16,retail,2026-06-25,medium
CUST_00806,2024-03-16,retail,2025-07-09,low
CUST_00807,2022-02-06,retail,2025-08-10,high
CUST_00808,2024-08-04,retail,2026-03-17,low
CUST_00809,2022-07-13,high_net_worth,2026-05-30,medium
CUST_00810,2025-07-07,retail,2026-06-14,low
CUST_00811,2025-04-19,retail,2025-04-19,low
CUST_00812,2023-11-30,high_net_worth,2026-03-20,low
CUST_00813,2023-10-08,retail,2025-08-17,low
CUST_00814,2022-10-29,retail,2023-12-08,low
CUST_00815,2025-01-18,business,2026-02-08,low
CUST_00816,2022-03-14,business,2025-10-15,low
CUST_00817,2024-11-21,retail,2025-05-15,low
CUST_00818,2023-11-17,retail,2025-03-31,low
CUST_00819,2021-11-27,retail,2025-10-20,high
CUST_00820,2023-11-07,retail,2025-08-14,low
CUST_00821,2023-02-22,retail,2026-07-09,medium
CUST_00822,2022-01-08,retail,2025-08-06,low
CUST_00823,2021-09-10,retail,2026-06-22,low
CUST_00824,2024-01-19,business,2025-06-17,low
CUST_00825,2024-06-16,retail,2025-05-17,low
CUST_00826,2025-07-19,retail,2025-09-11,low
CUST_00827,2023-11-11,retail,2025-06-29,medium
CUST_00828,2021-12-21,business,2025-12-07,low
CUST_00829,2024-02-10,retail,2025-11-13,low
CUST_00830,2024-10-18,retail,2025-12-09,low
CUST_00831,2025-12-28,retail,2025-12-28,low
CUST_00832,2024-08-04,retail,2025-09-27,low
CUST_00833,2025-05-08,retail,2025-06-20,high
CUST_00834,2021-09-07,business,2026-05-10,low
CUST_00835,2023-11-28,retail,2026-04-23,low
CUST_00836,2025-11-05,business,2025-11-05,low
CUST_00837,2026-03-11,high_net_worth,2026-03-11,low
CUST_00838,2022-04-23,retail,2025-11-16,high
CUST_00839,2021-11-28,retail,2025-04-03,medium
CUST_00840,2022-09-28,retail,2025-07-26,low
CUST_00841,2025-11-28,business,2025-11-28,high
CUST_00842,2026-01-14,retail,2026-01-14,low
CUST_00843,2025-07-17,retail,2025-08-17,low
CUST_00844,2022-10-20,retail,2025-11-19,low
CUST_00845,2022-09-24,business,2025-06-13,low
CUST_00846,2022-05-16,retail,2025-11-14,low
CUST_00847,2026-01-16,retail,2026-01-16,low
CUST_00848,2025-10-06,retail,2025-10-06,low
CUST_00849,2022-01-23,high_net_worth,2025-05-20,high
CUST_00850,2021-12-02,retail,2024-04-17,high
CUST_00851,2022-12-05,retail,2026-01-04,low
CUST_00852,2025-12-31,business,2025-12-31,low
CUST_00853,2026-03-08,high_net_worth,2026-03-08,low
CUST_00854,2026-04-01,retail,2026-05-22,low
CUST_00855,2023-02-04,retail,2025-09-21,low
CUST_00856,2022-05-01,business,2025-04-15,low
CUST_00857,2023-05-24,business,2026-05-08,low
CUST_00858,2025-03-23,retail,2025-10-09,low
CUST_00859,2022-10-09,retail,2025-03-15,low
CUST_00860,2026-03-25,business,2026-03-25,low
CUST_00861,2022-06-02,business,2024-12-17,medium
CUST_00862,2022-02-07,business,2025-11-09,low
CUST_00863,2022-12-18,retail,2025-06-16,low
CUST_00864,2022-03-02,retail,2026-04-29,low
CUST_00865,2023-08-15,high_net_worth,2025-10-04,low
CUST_00866,2024-03-15,business,2025-06-10,low
CUST_00867,2024-12-04,business,2025-12-02,low
CUST_00868,2021-12-15,retail,2026-02-17,low
CUST_00869,2023-01-25,retail,2024-07-13,low
CUST_00870,2025-07-31,business,2026-01-11,low
CUST_00871,2021-10-12,retail,2025-10-22,low
CUST_00872,2026-03-25,high_net_worth,2026-07-18,low
CUST_00873,2023-08-12,retail,2025-09-15,low
CUST_00874,2025-07-31,business,2026-03-31,low
CUST_00875,2023-03-26,business,2026-03-18,low
CUST_00876,2024-06-24,retail,2024-06-24,low
CUST_00877,2024-05-10,retail,2025-09-19,low
CUST_00878,2023-03-13,retail,2026-07-15,low
CUST_00879,2022-10-11,retail,2025-05-25,low
CUST_00880,2024-08-22,retail,2025-04-28,low
CUST_00881,2021-07-31,retail,2025-10-23,low
CUST_00882,2024-01-20,high_net_worth,2024-01-20,low
CUST_00883,2025-09-23,retail,2026-04-16,medium
CUST_00884,2026-06-29,retail,2026-06-29,medium
CUST_00885,2025-07-09,retail,2025-07-20,high
CUST_00886,2023-02-06,retail,2025-04-11,low
CUST_00887,2023-11-07,retail,2026-06-05,low
CUST_00888,2024-11-06,retail,2024-11-06,low
CUST_00889,2024-02-20,retail,2025-11-30,low
CUST_00890,2022-05-15,retail,2024-09-01,low
CUST_00891,2023-09-10,high_net_worth,2025-01-11,low
CUST_00892,2026-03-27,retail,2026-03-27,low
CUST_00893,2026-04-13,retail,2026-04-13,low
CUST_00894,2024-02-19,business,2025-08-18,low
CUST_00895,2024-07-09,business,2025-10-14,low
CUST_00896,2022-04-23,retail,2026-02-04,medium
CUST_00897,2023-08-20,retail,2025-04-07,low
CUST_00898,2022-10-10,retail,2025-07-27,low
CUST_00899,2023-08-16,retail,2025-11-08,medium
CUST_00900,2024-10-24,retail,2025-03-13,low
CUST_00901,2023-04-08,retail,2026-06-21,low
CUST_00902,2023-06-12,retail,2024-04-26,low
CUST_00903,2022-12-15,retail,2025-05-05,low
CUST_00904,2025-08-02,high_net_worth,2025-11-09,low
CUST_00905,2023-05-06,retail,2026-02-19,medium
CUST_00906,2025-02-09,retail,2025-08-04,low
CUST_00907,2022-08-10,retail,2026-03-26,medium
CUST_00908,2022-07-26,retail,2025-05-06,high
CUST_00909,2023-06-06,retail,2025-03-23,low
CUST_00910,2021-10-31,business,2026-01-13,low
CUST_00911,2023-11-11,business,2025-11-30,low
CUST_00912,2026-05-26,high_net_worth,2026-05-26,low
CUST_00913,2023-07-09,high_net_worth,2025-12-22,low
CUST_00914,2022-09-02,high_net_worth,2026-01-03,low
CUST_00915,2026-01-08,high_net_worth,2026-01-08,medium
CUST_00916,2026-01-02,retail,2026-04-11,low
CUST_00917,2025-03-03,retail,2026-05-02,low
CUST_00918,2022-05-04,retail,2025-07-28,low
CUST_00919,2023-11-29,retail,2023-11-29,low
CUST_00920,2021-09-07,retail,2025-07-02,medium
CUST_00921,2022-03-13,business,2026-02-15,medium
CUST_00922,2023-10-10,retail,2026-06-03,low
CUST_00923,2023-02-27,retail,2025-05-30,low
CUST_00924,2024-11-18,retail,2025-11-10,low
CUST_00925,2026-01-28,retail,2026-05-09,low
CUST_00926,2024-07-19,retail,2025-10-30,low
CUST_00927,2023-08-03,business,2026-04-16,medium
CUST_00928,2025-08-15,retail,2026-03-24,low
CUST_00929,2025-06-04,business,2025-09-02,high
CUST_00930,2026-06-13,retail,2026-06-13,low
CUST_00931,2022-11-20,retail,2026-04-26,low
CUST_00932,2022-01-25,retail,2025-05-28,low
CUST_00933,2022-06-04,business,2025-07-01,low
CUST_00934,2024-08-22,business,2025-11-13,low
CUST_00935,2023-08-01,retail,2026-07-16,low
CUST_00936,2021-10-05,high_net_worth,2025-04-29,medium
CUST_00937,2023-08-05,retail,2025-10-01,low
CUST_00938,2025-01-21,business,2026-01-21,low
CUST_00939,2024-11-05,retail,2025-05-14,low
CUST_00940,2022-12-02,retail,2025-09-05,low
CUST_00941,2024-04-24,business,2026-06-29,low
CUST_00942,2022-05-17,retail,2025-09-15,low
CUST_00943,2022-03-29,retail,2026-03-19,low
CUST_00944,2026-05-07,retail,2026-05-07,low
CUST_00945,2022-12-09,retail,2025-01-14,medium
CUST_00946,2024-09-09,business,2026-03-04,low
CUST_00947,2023-12-13,business,2026-02-23,low
CUST_00948,2025-03-18,business,2026-03-28,low
CUST_00949,2024-09-12,retail,2026-04-02,medium
CUST_00950,2024-11-20,retail,2025-10-27,low
CUST_00951,2026-04-10,retail,2026-04-23,high
CUST_00952,2022-08-24,retail,2026-03-04,low
CUST_00953,2025-10-25,retail,2026-07-11,low
CUST_00954,2024-08-29,high_net_worth,2025-06-20,low
CUST_00955,2025-07-26,business,2025-07-26,low
CUST_00956,2025-09-23,business,2026-07-23,low
CUST_00957,2024-09-03,retail,2025-10-15,low
CUST_00958,2021-12-21,retail,2026-02-21,low
CUST_00959,2021-11-05,retail,2026-02-27,medium
CUST_00960,2024-08-19,retail,2024-08-23,low
CUST_00961,2024-01-08,retail,2026-02-18,low
CUST_00962,2021-08-21,retail,2025-10-18,low
CUST_00963,2025-05-11,retail,2026-06-01,low
CUST_00964,2021-11-04,high_net_worth,2025-11-20,low
CUST_00965,2025-12-31,retail,2025-12-31,low
CUST_00966,2025-05-28,high_net_worth,2025-05-28,low
CUST_00967,2024-11-05,retail,2025-05-30,low
CUST_00968,2026-05-04,retail,2026-05-04,low
CUST_00969,2022-06-25,retail,2025-08-29,low
CUST_00970,2022-04-14,retail,2025-08-19,medium
CUST_00971,2024-08-16,retail,2026-05-12,low
CUST_00972,2022-05-19,retail,2023-12-31,low
CUST_00973,2022-09-11,high_net_worth,2025-06-08,high
CUST_00974,2022-07-21,retail,2026-01-27,low
CUST_00975,2022-07-19,retail,2026-02-12,low
CUST_00976,2023-09-06,retail,2025-05-19,medium
CUST_00977,2025-12-22,retail,2026-05-11,low
CUST_00978,2021-12-12,retail,2025-03-13,medium
CUST_00979,2023-07-05,retail,2025-03-17,low
CUST_00980,2022-01-21,high_net_worth,2025-04-20,high
CUST_00981,2021-10-09,business,2026-03-08,high
CUST_00982,2025-08-06,business,2025-08-06,low
CUST_00983,2024-07-13,retail,2025-11-20,medium
CUST_00984,2025-07-27,retail,2025-07-27,low
CUST_00985,2026-04-09,high_net_worth,2026-04-09,low
CUST_00986,2021-09-25,retail,2025-12-13,low
CUST_00987,2021-12-12,retail,2025-12-08,low
CUST_00988,2021-11-27,retail,2025-08-03,low
CUST_00989,2022-02-22,business,2026-03-27,low
CUST_00990,2023-04-23,retail,2026-02-12,low
CUST_00991,2023-12-08,business,2025-07-03,low
CUST_00992,2021-08-11,business,2025-07-08,medium
CUST_00993,2023-10-15,retail,2025-11-01,low
CUST_00994,2023-05-05,high_net_worth,2026-04-11,medium
CUST_00995,2025-06-22,retail,2025-06-22,medium
CUST_00996,2022-10-28,retail,2026-07-17,low
CUST_00997,2022-06-18,retail,2026-01-28,low
CUST_00998,2023-02-28,high_net_worth,2026-04-07,medium
CUST_00999,2024-01-20,retail,2025-05-23,low
CUST_01000,2025-07-17,retail,2025-07-17,low
CUST_01001,2026-05-10,retail,2026-05-10,medium
CUST_01002,2023-06-01,retail,2026-07-22,low
CUST_01003,2023-02-20,retail,2026-05-21,low
CUST_01004,2022-09-11,retail,2025-05-21,medium
CUST_01005,2021-10-24,retail,2026-04-23,low
CUST_01006,2024-01-22,high_net_worth,2025-07-15,medium
CUST_01007,2022-06-01,retail,2025-10-04,low
CUST_01008,2022-12-22,business,2025-03-25,low
CUST_01009,2025-02-24,retail,2026-05-25,low
CUST_01010,2022-05-03,retail,2025-09-05,low
CUST_01011,2026-04-05,retail,2026-04-05,high
CUST_01012,2023-07-23,retail,2025-03-22,low
CUST_01013,2021-11-11,high_net_worth,2026-03-25,low
CUST_01014,2023-04-05,retail,2025-04-02,low
CUST_01015,2021-11-17,retail,2025-07-04,high
CUST_01016,2026-03-31,retail,2026-07-10,low
CUST_01017,2023-11-20,business,2025-10-20,low
CUST_01018,2022-08-28,retail,2025-06-01,low
CUST_01019,2023-05-05,retail,2026-03-30,low
CUST_01020,2022-02-28,business,2025-09-09,high
CUST_01021,2024-03-25,business,2026-02-17,high
CUST_01022,2023-02-21,high_net_worth,2025-11-17,low
CUST_01023,2024-06-11,retail,2025-11-16,low
CUST_01024,2022-03-15,retail,2025-12-28,low
CUST_01025,2025-12-06,retail,2025-12-06,low
CUST_01026,2025-04-07,high_net_worth,2025-04-21,low
CUST_01027,2026-01-16,retail,2026-01-16,low
CUST_01028,2023-01-17,business,2025-08-18,low
CUST_01029,2025-05-15,retail,2025-11-21,medium
CUST_01030,2024-12-13,retail,2025-08-07,low
CUST_01031,2022-05-18,business,2025-03-22,low
CUST_01032,2024-09-27,retail,2025-12-07,low
CUST_01033,2025-10-20,high_net_worth,2025-10-20,low
CUST_01034,2026-06-03,retail,2026-06-03,low
CUST_01035,2025-05-26,retail,2026-07-25,low
CUST_01036,2021-12-28,retail,2026-05-09,low
CUST_01037,2023-10-22,retail,2025-07-17,low
CUST_01038,2021-08-05,retail,2026-01-08,medium
CUST_01039,2025-06-16,retail,2026-07-13,medium
CUST_01040,2024-10-12,retail,2025-03-14,low
CUST_01041,2025-09-18,retail,2026-03-26,low
CUST_01042,2024-07-19,retail,2026-06-06,low
CUST_01043,2023-09-25,retail,2026-05-06,low
CUST_01044,2022-07-09,retail,2026-04-11,high
CUST_01045,2024-09-12,retail,2026-07-07,high
CUST_01046,2022-09-13,retail,2025-11-17,low
CUST_01047,2023-06-03,business,2026-02-24,low
CUST_01048,2025-01-28,business,2025-08-08,low
CUST_01049,2022-01-01,retail,2026-01-24,low
CUST_01050,2024-05-16,retail,2026-02-22,high
CUST_01051,2025-10-10,retail,2025-10-10,low
CUST_01052,2021-10-02,retail,2025-10-03,low
CUST_01053,2021-12-30,retail,2026-06-18,low
CUST_01054,2026-04-12,retail,2026-04-12,low
CUST_01055,2022-01-19,retail,2025-05-27,low
CUST_01056,2021-10-30,high_net_worth,2025-10-27,medium
CUST_01057,2022-06-01,retail,2025-07-06,low
CUST_01058,2025-04-05,retail,2026-06-19,low
CUST_01059,2023-05-25,business,2025-09-07,low
CUST_01060,2023-11-09,high_net_worth,2025-05-16,low
CUST_01061,2023-06-14,retail,2025-11-19,low
CUST_01062,2023-06-21,retail,2026-01-05,low
CUST_01063,2023-05-11,retail,2026-04-11,low
CUST_01064,2023-12-23,retail,2026-04-09,low
CUST_01065,2023-02-07,high_net_worth,2026-04-26,medium
CUST_01066,2023-11-30,retail,2025-12-10,low
CUST_01067,2026-06-11,retail,2026-06-11,medium
CUST_01068,2026-05-08,retail,2026-05-08,low
CUST_01069,2021-10-10,retail,2025-09-03,low
CUST_01070,2022-01-07,business,2025-04-13,low
CUST_01071,2023-08-16,retail,2025-05-23,low
CUST_01072,2025-08-28,retail,2026-06-03,low
CUST_01073,2022-08-26,high_net_worth,2025-03-26,low
CUST_01074,2025-10-24,business,2026-06-19,medium
CUST_01075,2024-08-27,retail,2025-08-22,low
CUST_01076,2024-11-20,retail,2025-10-23,low
CUST_01077,2026-06-18,retail,2026-06-18,high
CUST_01078,2022-07-11,retail,2025-10-20,low
CUST_01079,2023-12-31,retail,2025-12-14,high
CUST_01080,2024-12-15,retail,2025-09-05,medium
CUST_01081,2024-01-04,high_net_worth,2025-04-12,medium
CUST_01082,2026-07-10,high_net_worth,2026-07-10,medium
CUST_01083,2024-05-11,business,2026-06-01,low
CUST_01084,2023-12-13,high_net_worth,2025-05-17,low
CUST_01085,2024-11-03,business,2026-02-10,medium
CUST_01086,2022-05-30,business,2026-01-24,low
CUST_01087,2025-04-14,business,2026-03-11,low
CUST_01088,2025-11-03,retail,2025-11-03,low
CUST_01089,2023-11-29,retail,2026-03-12,low
CUST_01090,2022-02-16,retail,2023-10-10,low
CUST_01091,2024-08-30,retail,2026-02-05,low
CUST_01092,2026-04-17,retail,2026-04-17,medium
CUST_01093,2021-09-19,retail,2026-04-06,medium
CUST_01094,2024-04-27,retail,2025-01-13,low
CUST_01095,2025-09-01,retail,2025-09-01,low
CUST_01096,2023-06-22,retail,2025-10-13,low
CUST_01097,2024-12-09,business,2025-03-15,low
CUST_01098,2021-11-16,business,2025-07-15,low
CUST_01099,2025-01-24,retail,2026-02-20,low
CUST_01100,2023-10-19,retail,2025-10-23,low
CUST_01101,2023-10-31,retail,2025-06-19,low
CUST_01102,2025-04-28,business,2025-08-28,low
CUST_01103,2024-01-19,business,2025-12-29,low
CUST_01104,2025-12-25,retail,2026-05-31,low
CUST_01105,2023-05-02,business,2026-06-02,low
CUST_01106,2022-10-07,retail,2026-03-03,low
CUST_01107,2021-10-25,retail,2025-08-16,low
CUST_01108,2024-11-28,high_net_worth,2026-05-05,low
CUST_01109,2025-02-09,retail,2026-06-14,low
CUST_01110,2023-10-21,retail,2025-09-08,high
CUST_01111,2023-02-03,retail,2025-06-15,low
CUST_01112,2021-08-09,retail,2025-08-13,low
CUST_01113,2026-05-26,high_net_worth,2026-05-26,low
CUST_01114,2025-05-05,high_net_worth,2025-05-05,medium
CUST_01115,2025-03-23,retail,2026-07-08,medium
CUST_01116,2025-04-04,retail,2025-08-20,low
CUST_01117,2024-03-23,business,2026-05-15,low
CUST_01118,2022-03-14,retail,2025-08-08,low
CUST_01119,2026-05-15,business,2026-06-17,low
CUST_01120,2022-06-25,retail,2025-04-12,low
CUST_01121,2023-06-19,retail,2026-07-02,low
CUST_01122,2023-06-23,business,2025-07-03,high
CUST_01123,2023-03-01,retail,2025-03-14,medium
CUST_01124,2025-12-14,retail,2026-03-07,low
CUST_01125,2022-10-28,retail,2025-12-11,high
CUST_01126,2025-04-17,retail,2026-07-23,low
CUST_01127,2023-12-19,retail,2025-12-02,low
CUST_01128,2023-03-03,retail,2025-06-23,medium
CUST_01129,2023-07-13,high_net_worth,2025-05-24,low
CUST_01130,2024-12-03,high_net_worth,2025-12-28,low
CUST_01131,2024-07-24,retail,2026-01-06,low
CUST_01132,2024-02-29,retail,2025-05-07,low
CUST_01133,2026-04-27,business,2026-04-27,low
CUST_01134,2022-12-04,high_net_worth,2025-07-09,low
CUST_01135,2026-01-11,retail,2026-02-04,low
CUST_01136,2024-04-01,retail,2025-05-30,low
CUST_01137,2023-04-12,retail,2026-02-27,low
CUST_01138,2026-02-15,retail,2026-02-15,low
CUST_01139,2021-08-04,retail,2026-05-03,low
CUST_01140,2024-08-27,retail,2025-12-06,low
CUST_01141,2026-06-12,business,2026-06-12,low
CUST_01142,2023-04-05,business,2025-12-18,medium
CUST_01143,2023-10-05,business,2025-10-15,low
CUST_01144,2023-05-08,retail,2025-12-27,medium
CUST_01145,2022-10-20,retail,2025-10-03,low
CUST_01146,2024-03-02,business,2025-12-28,low
CUST_01147,2022-06-05,business,2025-12-14,medium
CUST_01148,2024-09-09,retail,2025-03-29,low
CUST_01149,2023-10-28,business,2024-02-20,low
CUST_01150,2025-09-27,retail,2025-09-27,low
CUST_01151,2023-06-14,business,2025-06-18,low
CUST_01152,2025-03-24,retail,2025-07-03,high
CUST_01153,2023-01-26,retail,2026-01-01,low
CUST_01154,2022-07-22,retail,2026-05-24,medium
CUST_01155,2022-04-08,retail,2026-02-04,low
CUST_01156,2021-12-02,retail,2026-01-16,medium
CUST_01157,2025-12-01,retail,2025-12-01,high
CUST_01158,2025-11-03,retail,2025-11-03,low
CUST_01159,2021-12-07,business,2026-05-21,low
CUST_01160,2024-08-20,retail,2026-07-17,low
CUST_01161,2026-05-24,retail,2026-05-24,low
CUST_01162,2025-02-06,business,2025-10-23,low
CUST_01163,2022-05-19,retail,2024-12-13,medium
CUST_01164,2024-10-06,retail,2025-10-07,medium
CUST_01165,2026-02-22,business,2026-02-22,low
CUST_01166,2022-12-11,business,2025-04-21,low
CUST_01167,2025-07-23,retail,2026-04-18,low
CUST_01168,2024-10-10,business,2026-04-19,low
CUST_01169,2026-07-03,retail,2026-07-03,low
CUST_01170,2023-07-17,retail,2025-11-30,low
CUST_01171,2024-04-26,business,2025-12-30,low
CUST_01172,2022-03-24,retail,2023-09-06,low
CUST_01173,2024-11-12,business,2025-04-15,low
CUST_01174,2025-07-05,retail,2025-11-27,low
CUST_01175,2025-09-13,business,2025-09-13,low
CUST_01176,2025-07-13,retail,2025-08-21,low
CUST_01177,2024-04-15,retail,2026-03-11,high
CUST_01178,2026-02-03,retail,2026-02-03,medium
CUST_01179,2024-07-12,retail,2026-04-09,low
CUST_01180,2022-04-16,business,2026-03-18,low
CUST_01181,2022-09-20,retail,2024-06-17,low
CUST_01182,2023-05-14,retail,2025-04-07,low
CUST_01183,2022-02-05,retail,2025-01-18,low
CUST_01184,2022-08-28,retail,2025-12-03,low
CUST_01185,2023-04-16,business,2026-06-15,low
CUST_01186,2022-03-31,retail,2025-10-23,low
CUST_01187,2025-11-27,high_net_worth,2026-02-21,low
CUST_01188,2022-06-20,retail,2026-04-07,low
CUST_01189,2025-01-22,retail,2025-10-06,low
CUST_01190,2022-11-22,retail,2026-05-05,low
CUST_01191,2021-12-30,retail,2026-02-16,low
CUST_01192,2024-01-25,business,2026-05-18,low
CUST_01193,2026-01-31,high_net_worth,2026-01-31,low
CUST_01194,2024-09-08,business,2024-09-08,medium
CUST_01195,2024-07-04,retail,2026-03-10,high
CUST_01196,2021-11-18,retail,2026-03-31,low
CUST_01197,2021-11-08,retail,2026-04-26,medium
CUST_01198,2023-09-16,retail,2025-08-20,low
CUST_01199,2021-10-24,business,2025-05-30,low
CUST_01200,2024-05-12,retail,2026-05-08,low
CUST_01201,2024-06-26,retail,2024-09-29,low
CUST_01202,2022-05-18,business,2025-12-01,low
CUST_01203,2023-03-21,business,2025-06-13,high
CUST_01204,2023-12-08,retail,2025-07-26,low
CUST_01205,2024-04-05,retail,2025-10-01,low
CUST_01206,2023-01-10,retail,2026-04-27,low
CUST_01207,2022-10-16,retail,2025-11-09,low
CUST_01208,2024-02-04,retail,2026-01-13,low
CUST_01209,2026-05-14,retail,2026-05-14,low
CUST_01210,2026-01-07,business,2026-01-07,low
CUST_01211,2025-10-23,business,2026-03-29,medium
CUST_01212,2024-03-26,retail,2025-04-30,low
CUST_01213,2023-06-25,retail,2025-10-22,low
CUST_01214,2022-07-17,retail,2025-12-01,medium
CUST_01215,2025-05-16,retail,2025-08-27,low
CUST_01216,2022-08-17,retail,2026-02-28,low
CUST_01217,2023-03-23,retail,2026-01-05,low
CUST_01218,2026-04-08,retail,2026-04-08,low
CUST_01219,2024-10-13,retail,2025-06-27,low
CUST_01220,2025-01-09,retail,2026-06-06,low
CUST_01221,2022-02-17,retail,2026-02-26,low
CUST_01222,2021-12-16,business,2026-04-28,low
CUST_01223,2022-06-19,retail,2026-02-09,low
CUST_01224,2023-11-28,retail,2024-06-14,low
CUST_01225,2024-01-30,business,2026-07-20,low
CUST_01226,2024-12-24,retail,2026-07-18,low
CUST_01227,2022-09-11,retail,2025-05-12,low
CUST_01228,2026-02-04,high_net_worth,2026-02-04,low
CUST_01229,2025-03-07,retail,2025-12-23,high
CUST_01230,2025-11-08,retail,2025-11-08,low
CUST_01231,2024-01-28,retail,2026-05-18,low
CUST_01232,2025-01-14,retail,2025-07-17,low
CUST_01233,2025-07-18,retail,2025-07-18,low
CUST_01234,2024-08-28,retail,2026-06-18,low
CUST_01235,2022-04-04,retail,2025-06-18,medium
CUST_01236,2023-10-05,retail,2026-05-22,low
CUST_01237,2022-06-12,retail,2025-04-07,low
CUST_01238,2021-12-29,retail,2025-09-22,low
CUST_01239,2022-01-20,retail,2026-07-14,medium
CUST_01240,2024-10-13,business,2026-05-25,low
CUST_01241,2022-03-05,retail,2025-05-08,low
CUST_01242,2022-01-07,retail,2025-05-22,low
CUST_01243,2021-10-08,retail,2025-08-28,medium
CUST_01244,2024-10-13,retail,2026-01-07,low
CUST_01245,2025-05-23,retail,2026-03-29,high
CUST_01246,2023-08-18,retail,2026-02-01,medium
CUST_01247,2021-11-27,retail,2025-12-21,low
CUST_01248,2022-01-22,business,2026-03-26,medium
CUST_01249,2023-09-11,high_net_worth,2025-10-06,low
CUST_01250,2025-10-13,retail,2025-10-13,low
CUST_01251,2024-06-06,retail,2026-04-06,low
CUST_01252,2022-12-26,retail,2025-05-07,medium
CUST_01253,2023-09-30,retail,2026-01-25,low
CUST_01254,2024-10-23,retail,2025-07-10,low
CUST_01255,2024-10-28,business,2025-09-27,low
CUST_01256,2026-03-24,business,2026-05-23,low
CUST_01257,2025-02-03,business,2025-05-29,medium
CUST_01258,2023-03-17,retail,2025-05-30,low
CUST_01259,2025-04-30,high_net_worth,2026-01-10,low
CUST_01260,2021-08-07,retail,2025-03-17,medium
CUST_01261,2026-02-11,retail,2026-03-07,medium
CUST_01262,2023-08-10,retail,2025-08-20,low
CUST_01263,2024-01-24,high_net_worth,2025-08-14,low
CUST_01264,2022-05-24,retail,2025-03-19,low
CUST_01265,2022-02-15,business,2025-11-14,low
CUST_01266,2023-10-31,retail,2025-08-03,low
CUST_01267,2023-05-27,high_net_worth,2025-11-18,low
CUST_01268,2023-01-22,retail,2025-05-09,medium
CUST_01269,2023-12-11,retail,2025-05-12,low
CUST_01270,2025-08-10,high_net_worth,2026-02-05,medium
CUST_01271,2024-05-26,retail,2025-05-12,medium
CUST_01272,2025-04-29,retail,2025-12-10,low
CUST_01273,2024-03-22,retail,2026-04-08,low
CUST_01274,2023-06-23,retail,2026-07-06,low
CUST_01275,2025-06-27,retail,2026-01-13,medium
CUST_01276,2025-04-15,retail,2026-06-23,low
CUST_01277,2022-06-12,retail,2025-06-13,low
CUST_01278,2024-08-26,business,2025-10-05,low
CUST_01279,2025-07-16,retail,2025-07-16,low
CUST_01280,2022-12-28,retail,2025-08-30,low
CUST_01281,2022-12-21,retail,2026-05-06,low
CUST_01282,2022-06-06,retail,2025-08-29,low
CUST_01283,2022-10-04,retail,2025-11-30,low
CUST_01284,2021-08-10,high_net_worth,2025-08-31,medium
CUST_01285,2023-09-04,high_net_worth,2025-11-25,medium
CUST_01286,2025-02-06,retail,2025-11-03,medium
CUST_01287,2022-04-01,retail,2025-07-12,low
CUST_01288,2025-03-18,retail,2026-03-13,low
CUST_01289,2025-01-30,retail,2026-03-22,low
CUST_01290,2022-06-02,retail,2025-06-30,low
CUST_01291,2022-02-26,retail,2026-01-25,low
CUST_01292,2024-11-03,retail,2025-11-04,medium
CUST_01293,2022-11-28,retail,2026-04-23,low
CUST_01294,2021-12-14,retail,2024-09-09,low
CUST_01295,2022-07-26,retail,2025-10-01,high
CUST_01296,2026-07-01,retail,2026-07-01,low
CUST_01297,2023-03-26,retail,2025-06-20,low
CUST_01298,2025-09-06,business,2025-09-06,medium
CUST_01299,2022-05-01,retail,2025-09-01,low
CUST_01300,2026-03-11,retail,2026-03-11,low
CUST_01301,2021-08-08,retail,2025-07-20,low
CUST_01302,2025-08-24,business,2025-09-15,medium
CUST_01303,2024-06-10,retail,2026-04-03,low
CUST_01304,2025-05-13,business,2025-11-07,low
CUST_01305,2022-06-28,high_net_worth,2026-03-26,low
CUST_01306,2024-07-28,retail,2026-04-05,low
CUST_01307,2022-11-01,retail,2026-05-07,medium
CUST_01308,2026-03-11,retail,2026-03-11,low
CUST_01309,2024-04-12,high_net_worth,2026-03-26,low
CUST_01310,2022-01-03,retail,2025-01-15,low
CUST_01311,2021-12-06,high_net_worth,2026-01-21,low
CUST_01312,2025-06-28,retail,2025-06-28,low
CUST_01313,2024-07-27,retail,2025-09-18,low
CUST_01314,2024-06-30,retail,2024-10-21,low
CUST_01315,2023-09-21,retail,2026-02-17,low
CUST_01316,2023-11-11,retail,2026-01-01,medium
CUST_01317,2025-12-31,retail,2026-01-01,high
CUST_01318,2022-09-29,business,2025-07-07,low
CUST_01319,2025-05-28,business,2025-06-15,low
CUST_01320,2024-12-17,retail,2025-07-06,low
CUST_01321,2022-05-11,retail,2026-04-05,low
CUST_01322,2023-02-08,retail,2026-03-25,low
CUST_01323,2024-07-23,business,2026-02-22,medium
CUST_01324,2022-01-01,retail,2025-10-22,low
CUST_01325,2024-07-27,business,2026-04-22,low
CUST_01326,2023-09-21,retail,2025-12-11,high
CUST_01327,2025-04-21,retail,2026-07-22,low
CUST_01328,2025-08-13,retail,2025-11-23,low
CUST_01329,2024-02-02,retail,2026-01-29,low
CUST_01330,2023-09-25,business,2025-04-23,low
CUST_01331,2022-07-13,retail,2026-05-02,medium
CUST_01332,2024-08-02,retail,2025-10-16,low
CUST_01333,2022-02-01,high_net_worth,2025-09-21,low
CUST_01334,2023-07-07,high_net_worth,2026-03-17,low
CUST_01335,2026-03-06,business,2026-03-06,medium
CUST_01336,2022-11-11,retail,2024-01-28,low
CUST_01337,2023-09-04,retail,2025-12-18,low
CUST_01338,2024-08-05,business,2025-05-31,low
CUST_01339,2024-03-17,retail,2025-08-09,medium
CUST_01340,2025-01-10,retail,2025-09-22,low
CUST_01341,2023-06-25,business,2025-11-02,low
CUST_01342,2023-09-18,retail,2025-07-13,medium
CUST_01343,2024-04-22,retail,2026-04-18,low
CUST_01344,2025-02-09,high_net_worth,2025-06-28,low
CUST_01345,2024-07-19,retail,2025-11-24,low
CUST_01346,2024-01-21,retail,2025-10-01,low
CUST_01347,2024-03-08,retail,2025-04-22,low
CUST_01348,2024-12-28,retail,2025-12-04,low
CUST_01349,2023-08-22,retail,2025-09-14,low
CUST_01350,2025-05-26,business,2025-06-26,low
CUST_01351,2024-01-16,business,2025-12-20,low
CUST_01352,2025-12-02,retail,2025-12-02,high
CUST_01353,2024-03-08,retail,2025-01-07,low
CUST_01354,2022-08-21,business,2026-06-22,low
CUST_01355,2022-06-21,retail,2026-07-02,low
CUST_01356,2023-01-30,retail,2026-03-29,low
CUST_01357,2022-10-30,retail,2026-04-17,low
CUST_01358,2026-03-13,retail,2026-03-13,low
CUST_01359,2024-10-31,retail,2025-05-09,low
CUST_01360,2023-04-13,retail,2026-04-07,low
CUST_01361,2022-07-22,retail,2026-05-11,medium
CUST_01362,2023-08-21,retail,2025-12-27,medium
CUST_01363,2022-04-17,retail,2026-03-25,medium
CUST_01364,2025-03-03,retail,2025-06-16,low
CUST_01365,2025-10-06,retail,2025-10-06,low
CUST_01366,2026-02-04,retail,2026-02-04,low
CUST_01367,2023-08-21,retail,2026-04-04,medium
CUST_01368,2023-03-25,retail,2025-07-05,medium
CUST_01369,2025-02-09,retail,2026-05-26,medium
CUST_01370,2022-08-22,retail,2026-06-27,low
CUST_01371,2022-11-11,high_net_worth,2025-10-24,medium
CUST_01372,2024-09-27,retail,2025-11-13,low
CUST_01373,2025-05-04,business,2026-06-28,medium
CUST_01374,2022-11-05,high_net_worth,2025-04-28,low
CUST_01375,2023-03-13,retail,2026-02-24,low
CUST_01376,2025-09-04,retail,2026-03-06,low
CUST_01377,2025-04-05,business,2025-11-11,high
CUST_01378,2024-02-12,retail,2026-01-13,low
CUST_01379,2023-12-28,retail,2026-03-09,low
CUST_01380,2025-09-13,retail,2025-12-31,low
CUST_01381,2021-10-27,retail,2026-02-04,low
CUST_01382,2024-08-06,retail,2025-09-30,medium
CUST_01383,2024-08-19,high_net_worth,2025-03-20,low
CUST_01384,2026-03-23,high_net_worth,2026-03-23,low
CUST_01385,2022-03-08,retail,2026-05-12,medium
CUST_01386,2025-05-11,business,2025-05-31,low
CUST_01387,2021-08-19,retail,2026-04-29,low
CUST_01388,2024-01-25,high_net_worth,2026-01-27,low
CUST_01389,2022-03-10,retail,2026-06-30,low
CUST_01390,2025-08-20,high_net_worth,2025-11-09,low
CUST_01391,2025-09-13,business,2025-09-13,low
CUST_01392,2022-07-21,retail,2025-06-05,low
CUST_01393,2022-06-18,retail,2026-03-02,low
CUST_01394,2023-11-01,business,2025-06-03,medium
CUST_01395,2026-05-13,retail,2026-05-13,medium
CUST_01396,2021-11-05,retail,2026-07-14,low
CUST_01397,2024-07-29,high_net_worth,2025-10-21,low
CUST_01398,2021-11-19,retail,2025-09-25,high
CUST_01399,2022-03-17,retail,2025-06-07,medium
CUST_01400,2022-04-21,retail,2025-06-11,low
CUST_01401,2023-02-10,retail,2024-08-12,low
CUST_01402,2023-03-10,high_net_worth,2025-07-19,low
CUST_01403,2023-11-19,retail,2025-06-08,low
CUST_01404,2026-05-27,retail,2026-05-27,low
CUST_01405,2024-08-07,retail,2026-03-03,low
CUST_01406,2022-11-26,high_net_worth,2026-02-01,high
CUST_01407,2022-07-01,retail,2026-05-01,low
CUST_01408,2023-10-02,business,2026-02-06,low
CUST_01409,2023-01-03,business,2025-04-13,low
CUST_01410,2026-06-01,business,2026-06-01,medium
CUST_01411,2024-03-15,high_net_worth,2025-09-28,low
CUST_01412,2024-01-04,business,2024-06-12,low
CUST_01413,2022-02-06,high_net_worth,2025-11-14,low
CUST_01414,2024-12-24,retail,2026-06-02,low
CUST_01415,2025-05-20,business,2025-12-22,medium
CUST_01416,2024-10-11,retail,2025-10-07,low
CUST_01417,2025-09-05,retail,2026-07-05,medium
CUST_01418,2023-10-04,business,2025-06-30,low
CUST_01419,2023-05-04,high_net_worth,2025-04-23,low
CUST_01420,2022-07-21,business,2025-04-16,low
CUST_01421,2021-09-15,retail,2026-04-29,low
CUST_01422,2026-02-27,retail,2026-02-27,low
CUST_01423,2025-04-19,retail,2025-05-14,low
CUST_01424,2025-01-12,retail,2025-01-12,low
CUST_01425,2025-04-15,retail,2026-07-06,low
CUST_01426,2022-06-04,retail,2025-08-03,high
CUST_01427,2025-10-31,retail,2025-10-31,low
CUST_01428,2026-05-18,business,2026-05-18,low
CUST_01429,2022-04-05,retail,2025-04-17,medium
CUST_01430,2021-10-04,high_net_worth,2026-06-17,medium
CUST_01431,2025-05-27,retail,2025-05-27,low
CUST_01432,2024-11-15,retail,2025-07-06,low
CUST_01433,2024-01-12,retail,2026-03-09,low
CUST_01434,2023-12-02,retail,2025-03-21,low
CUST_01435,2021-08-12,high_net_worth,2025-12-01,low
CUST_01436,2024-07-09,retail,2024-07-11,low
CUST_01437,2026-06-19,retail,2026-07-24,low
CUST_01438,2024-06-05,high_net_worth,2026-02-21,low
CUST_01439,2023-10-07,high_net_worth,2025-12-10,medium
CUST_01440,2023-12-18,retail,2025-11-25,medium
CUST_01441,2023-12-26,retail,2025-04-12,medium
CUST_01442,2021-12-14,retail,2025-09-22,low
CUST_01443,2022-07-10,retail,2025-09-04,low
CUST_01444,2025-04-11,retail,2026-02-27,low
CUST_01445,2024-10-05,retail,2025-07-17,low
CUST_01446,2023-03-20,high_net_worth,2025-09-08,low
CUST_01447,2024-06-28,retail,2025-08-01,low
CUST_01448,2024-05-26,retail,2025-04-10,low
CUST_01449,2025-09-10,retail,2026-07-02,low
CUST_01450,2025-04-06,business,2025-04-06,low
CUST_01451,2022-11-08,retail,2024-10-08,low
CUST_01452,2022-05-07,business,2025-03-27,low
CUST_01453,2022-08-20,high_net_worth,2025-11-03,low
CUST_01454,2024-12-30,retail,2025-10-04,high
CUST_01455,2025-11-05,retail,2026-07-24,low
CUST_01456,2025-09-24,retail,2025-09-24,low
CUST_01457,2024-07-28,retail,2024-07-28,medium
CUST_01458,2023-12-16,high_net_worth,2025-12-12,low
CUST_01459,2022-02-05,retail,2025-05-04,low
CUST_01460,2022-01-26,business,2026-04-13,low
CUST_01461,2026-07-06,retail,2026-07-06,low
CUST_01462,2023-01-07,retail,2026-05-27,low
CUST_01463,2025-01-16,retail,2025-05-11,medium
CUST_01464,2025-07-17,retail,2026-03-13,high
CUST_01465,2023-10-10,retail,2026-02-03,low
CUST_01466,2026-05-10,retail,2026-05-10,low
CUST_01467,2024-11-13,retail,2026-03-19,low
CUST_01468,2023-10-15,business,2026-02-27,medium
CUST_01469,2025-03-05,retail,2025-12-08,low
CUST_01470,2023-08-01,high_net_worth,2023-08-01,low
CUST_01471,2024-03-30,retail,2026-06-29,medium
CUST_01472,2022-07-25,retail,2023-12-09,low
CUST_01473,2025-08-16,retail,2026-06-19,low
CUST_01474,2026-03-29,retail,2026-05-16,low
CUST_01475,2023-11-25,retail,2025-03-31,low
CUST_01476,2025-04-02,retail,2025-10-10,low
CUST_01477,2023-01-08,high_net_worth,2025-12-13,low
CUST_01478,2026-01-23,retail,2026-01-23,low
CUST_01479,2023-09-03,retail,2026-03-01,medium
CUST_01480,2021-08-14,retail,2026-02-03,low
CUST_01481,2026-01-23,retail,2026-01-23,medium
CUST_01482,2025-01-10,retail,2025-12-23,low
CUST_01483,2022-05-04,retail,2025-11-27,medium
CUST_01484,2023-11-18,retail,2026-06-29,low
CUST_01485,2025-08-28,retail,2026-07-23,medium
CUST_01486,2025-06-20,high_net_worth,2025-06-20,low
CUST_01487,2022-09-25,retail,2025-06-20,low
CUST_01488,2022-04-04,business,2026-02-12,low
CUST_01489,2024-09-26,retail,2026-01-04,low
CUST_01490,2024-03-05,retail,2025-07-27,medium
CUST_01491,2022-08-24,business,2026-04-24,high
CUST_01492,2025-08-24,retail,2025-09-10,medium
CUST_01493,2025-07-02,business,2025-10-16,low
CUST_01494,2022-09-08,retail,2026-06-01,medium
CUST_01495,2025-08-07,retail,2026-02-23,low
CUST_01496,2022-09-14,business,2025-05-21,low
CUST_01497,2024-01-23,retail,2025-09-02,low
CUST_01498,2021-08-14,retail,2025-10-24,low
CUST_01499,2026-05-12,retail,2026-06-04,low
CUST_01500,2021-11-01,retail,2025-09-01,low
CUST_01501,2025-05-29,high_net_worth,2026-06-24,low
CUST_01502,2026-05-08,retail,2026-05-08,low
CUST_01503,2022-12-08,retail,2025-07-15,low
CUST_01504,2023-11-20,business,2026-01-30,low
CUST_01505,2022-05-17,retail,2025-12-26,low
CUST_01506,2025-12-26,business,2025-12-26,high
CUST_01507,2026-02-14,retail,2026-02-14,medium
CUST_01508,2023-09-18,retail,2025-05-14,low
CUST_01509,2022-02-25,business,2025-05-09,low
CUST_01510,2024-07-06,retail,2024-07-06,low
CUST_01511,2022-07-28,retail,2026-02-12,low
CUST_01512,2022-01-12,retail,2026-05-16,low
CUST_01513,2022-03-19,business,2025-11-22,low
CUST_01514,2024-01-02,business,2025-10-01,low
CUST_01515,2023-01-23,retail,2025-06-08,low
CUST_01516,2023-12-02,retail,2025-03-20,medium
CUST_01517,2023-03-08,high_net_worth,2025-07-12,low
CUST_01518,2023-09-18,retail,2025-07-19,low
CUST_01519,2023-12-03,retail,2026-04-28,low
CUST_01520,2024-05-11,retail,2026-02-12,low
CUST_01521,2023-04-16,retail,2026-02-24,low
CUST_01522,2022-10-20,business,2025-04-07,low
CUST_01523,2021-12-20,business,2026-04-17,low
CUST_01524,2023-06-27,business,2025-09-25,low
CUST_01525,2026-01-10,retail,2026-01-10,low
CUST_01526,2023-08-12,retail,2025-07-21,medium
CUST_01527,2024-12-16,retail,2026-02-09,medium
CUST_01528,2026-05-23,retail,2026-05-23,low
CUST_01529,2026-03-01,retail,2026-03-01,low
CUST_01530,2023-08-05,retail,2026-03-07,low
CUST_01531,2021-11-03,retail,2025-03-17,low
CUST_01532,2024-01-07,retail,2025-06-04,low
CUST_01533,2024-04-26,business,2026-06-09,low
CUST_01534,2026-01-31,retail,2026-01-31,low
CUST_01535,2023-03-06,retail,2025-07-28,high
CUST_01536,2026-04-01,business,2026-04-01,low
CUST_01537,2022-05-10,business,2025-09-12,medium
CUST_01538,2022-06-24,business,2025-03-31,low
CUST_01539,2021-08-12,retail,2026-04-25,low
CUST_01540,2025-02-11,business,2025-03-15,medium
CUST_01541,2025-09-21,retail,2026-03-22,low
CUST_01542,2025-01-14,retail,2025-08-13,low
CUST_01543,2022-07-24,retail,2026-02-03,high
CUST_01544,2025-06-09,retail,2025-06-09,low
CUST_01545,2022-02-15,retail,2025-04-23,low
CUST_01546,2025-10-04,retail,2025-11-20,low
CUST_01547,2026-04-13,business,2026-06-12,low
CUST_01548,2025-06-08,retail,2026-01-31,low
CUST_01549,2022-10-15,retail,2026-07-05,low
CUST_01550,2023-07-16,retail,2025-04-21,medium
CUST_01551,2024-10-06,retail,2025-09-27,low
CUST_01552,2023-04-10,retail,2026-05-13,low
CUST_01553,2023-04-24,retail,2026-02-04,low
CUST_01554,2023-10-10,retail,2026-03-06,low
CUST_01555,2023-12-23,business,2026-03-24,medium
CUST_01556,2026-01-08,high_net_worth,2026-03-07,low
CUST_01557,2025-03-27,retail,2025-07-03,low
CUST_01558,2023-11-28,retail,2026-03-13,medium
CUST_01559,2025-11-08,business,2025-11-08,medium
CUST_01560,2024-03-01,high_net_worth,2025-08-11,medium
CUST_01561,2025-12-11,retail,2026-07-04,low
CUST_01562,2022-08-16,business,2025-05-27,low
CUST_01563,2026-01-04,high_net_worth,2026-01-04,low
CUST_01564,2026-01-24,business,2026-01-24,low
CUST_01565,2023-05-13,retail,2025-07-16,medium
CUST_01566,2025-06-06,retail,2025-11-29,low
CUST_01567,2024-10-12,retail,2025-04-25,low
CUST_01568,2024-12-19,retail,2025-09-15,medium
CUST_01569,2025-06-13,retail,2025-09-03,high
CUST_01570,2022-10-01,retail,2025-09-15,low
CUST_01571,2023-02-04,retail,2025-10-01,medium
CUST_01572,2025-05-04,retail,2026-03-04,low
CUST_01573,2023-02-13,business,2025-06-11,low
CUST_01574,2022-12-27,retail,2023-10-13,low
CUST_01575,2023-11-08,retail,2026-05-15,high
CUST_01576,2023-08-29,business,2025-12-24,medium
CUST_01577,2021-11-21,business,2025-04-06,low
CUST_01578,2024-04-10,high_net_worth,2026-07-04,low
CUST_01579,2024-08-12,business,2025-06-06,low
CUST_01580,2023-11-08,business,2025-11-22,low
CUST_01581,2022-05-20,retail,2023-07-23,medium
CUST_01582,2023-01-03,retail,2026-06-21,low
CUST_01583,2026-02-24,retail,2026-02-24,medium
CUST_01584,2024-03-31,retail,2025-07-23,low
CUST_01585,2022-11-09,high_net_worth,2025-07-30,low
CUST_01586,2025-05-31,retail,2026-04-16,low
CUST_01587,2021-08-16,retail,2026-04-07,high
CUST_01588,2022-07-09,retail,2025-04-05,low
CUST_01589,2022-04-30,retail,2026-04-22,low
CUST_01590,2026-02-13,retail,2026-02-13,low
CUST_01591,2023-08-26,retail,2026-06-13,medium
CUST_01592,2023-11-28,high_net_worth,2026-03-03,medium
CUST_01593,2023-06-02,retail,2025-04-16,medium
CUST_01594,2022-04-24,business,2025-06-08,low
CUST_01595,2024-10-09,retail,2025-03-23,medium
CUST_01596,2023-11-17,retail,2025-09-20,low
CUST_01597,2023-02-27,retail,2026-01-01,low
CUST_01598,2022-10-16,business,2026-01-20,low
CUST_01599,2022-09-15,retail,2024-01-09,low
CUST_01600,2024-11-08,high_net_worth,2026-03-18,high
CUST_01601,2021-07-30,retail,2026-04-16,high
CUST_01602,2026-06-23,retail,2026-06-23,low
CUST_01603,2024-01-31,business,2025-10-22,low
CUST_01604,2023-07-05,retail,2026-05-07,medium
CUST_01605,2026-03-22,retail,2026-05-05,high
CUST_01606,2024-04-15,high_net_worth,2025-05-03,medium
CUST_01607,2023-07-28,retail,2026-03-14,low
CUST_01608,2023-07-07,retail,2025-10-02,low
CUST_01609,2025-12-07,retail,2026-04-22,medium
CUST_01610,2025-02-23,retail,2026-02-08,medium
CUST_01611,2025-04-23,business,2026-07-10,low
CUST_01612,2023-05-09,business,2026-07-03,low
CUST_01613,2024-11-22,retail,2026-01-30,low
CUST_01614,2023-09-10,business,2025-07-09,low
CUST_01615,2022-11-25,retail,2023-11-17,medium
CUST_01616,2022-07-28,retail,2026-05-20,low
CUST_01617,2025-08-12,retail,2025-09-06,low
CUST_01618,2022-01-17,high_net_worth,2025-09-05,low
CUST_01619,2025-09-13,retail,2025-09-13,medium
CUST_01620,2026-06-01,retail,2026-07-20,low
CUST_01621,2026-04-20,retail,2026-04-20,low
CUST_01622,2025-07-12,business,2026-01-23,low
CUST_01623,2022-03-13,retail,2025-07-25,low
CUST_01624,2025-06-29,retail,2025-11-29,low
CUST_01625,2023-02-01,business,2026-04-14,low
CUST_01626,2024-06-13,retail,2026-06-19,medium
CUST_01627,2026-04-29,retail,2026-05-22,medium
CUST_01628,2024-04-28,retail,2026-07-25,low
CUST_01629,2026-05-20,retail,2026-05-20,medium
CUST_01630,2024-03-01,retail,2026-03-26,low
CUST_01631,2023-10-03,business,2025-06-07,low
CUST_01632,2023-12-10,retail,2025-08-28,medium
CUST_01633,2025-02-14,retail,2025-02-14,low
CUST_01634,2022-09-22,high_net_worth,2025-11-11,low
CUST_01635,2023-07-26,retail,2025-07-17,low
CUST_01636,2025-04-05,retail,2025-09-21,low
CUST_01637,2024-05-15,high_net_worth,2025-11-02,medium
CUST_01638,2025-12-26,retail,2025-12-26,low
CUST_01639,2021-12-12,business,2024-10-08,low
CUST_01640,2022-10-16,business,2025-09-13,low
CUST_01641,2025-02-05,retail,2026-05-31,medium
CUST_01642,2023-03-07,retail,2026-02-28,low
CUST_01643,2023-02-27,retail,2026-06-28,low
CUST_01644,2023-07-03,retail,2025-12-06,low
CUST_01645,2026-04-04,retail,2026-05-16,low
CUST_01646,2022-03-03,retail,2026-01-21,low
CUST_01647,2021-10-14,business,2024-02-09,low
CUST_01648,2021-09-11,high_net_worth,2025-06-27,low
CUST_01649,2021-08-30,business,2026-04-13,low
CUST_01650,2021-12-02,retail,2025-04-21,medium
CUST_01651,2022-11-11,retail,2026-04-12,low
CUST_01652,2026-03-30,retail,2026-03-30,low
CUST_01653,2024-03-20,retail,2024-03-20,low
CUST_01654,2025-04-23,high_net_worth,2025-04-23,low
CUST_01655,2025-06-07,retail,2026-01-31,medium
CUST_01656,2022-05-29,retail,2026-03-17,medium
CUST_01657,2022-07-01,business,2025-04-25,medium
CUST_01658,2023-12-09,retail,2025-09-15,low
CUST_01659,2022-11-16,retail,2025-12-31,low
CUST_01660,2025-11-18,retail,2025-11-18,low
CUST_01661,2025-06-04,retail,2025-08-28,high
CUST_01662,2022-04-05,business,2025-12-07,low
CUST_01663,2024-04-15,retail,2025-05-21,medium
CUST_01664,2023-10-25,high_net_worth,2026-02-20,low
CUST_01665,2024-03-25,business,2024-08-06,low
CUST_01666,2025-07-10,business,2025-07-10,medium
CUST_01667,2022-06-06,retail,2026-05-01,low
CUST_01668,2022-10-07,retail,2025-12-04,low
CUST_01669,2023-02-19,business,2025-09-15,low
CUST_01670,2024-10-09,retail,2026-07-10,high
CUST_01671,2023-05-03,retail,2026-05-02,low
CUST_01672,2021-10-19,business,2026-05-07,medium
CUST_01673,2023-04-21,retail,2025-10-03,low
CUST_01674,2024-01-28,business,2026-06-12,low
CUST_01675,2025-03-08,high_net_worth,2025-12-03,low
CUST_01676,2023-12-07,business,2026-04-14,low
CUST_01677,2024-09-06,retail,2025-03-22,high
CUST_01678,2023-06-30,business,2025-12-16,medium
CUST_01679,2026-04-19,retail,2026-05-14,high
CUST_01680,2025-07-31,business,2026-03-05,high
CUST_01681,2022-08-16,business,2026-03-23,low
CUST_01682,2024-08-20,business,2026-06-29,low
CUST_01683,2024-05-18,retail,2026-03-07,medium
CUST_01684,2023-10-30,retail,2026-05-18,low
CUST_01685,2024-05-08,retail,2026-04-17,medium
CUST_01686,2022-10-06,retail,2025-07-26,low
CUST_01687,2025-04-22,retail,2026-02-04,low
CUST_01688,2022-10-07,retail,2025-06-02,low
CUST_01689,2025-06-26,retail,2026-02-02,low
CUST_01690,2024-09-08,business,2025-12-11,low
CUST_01691,2023-08-12,high_net_worth,2026-02-27,low
CUST_01692,2022-02-18,retail,2025-07-19,low
CUST_01693,2025-05-16,business,2026-07-25,low
CUST_01694,2023-08-12,retail,2026-07-18,low
CUST_01695,2026-03-16,retail,2026-03-16,low
CUST_01696,2026-02-24,retail,2026-02-24,low
CUST_01697,2022-09-20,business,2026-03-02,medium
CUST_01698,2022-12-17,high_net_worth,2025-07-07,low
CUST_01699,2024-08-28,business,2025-08-24,low
CUST_01700,2023-06-09,high_net_worth,2025-03-26,low
CUST_01701,2024-08-21,high_net_worth,2026-06-23,low
CUST_01702,2025-02-24,retail,2026-04-02,low
CUST_01703,2024-05-21,retail,2025-08-28,low
CUST_01704,2024-12-23,retail,2025-10-19,low
CUST_01705,2022-06-26,high_net_worth,2026-02-09,low
CUST_01706,2024-06-25,retail,2026-03-18,low
CUST_01707,2024-12-07,retail,2025-04-17,low
CUST_01708,2023-11-13,business,2026-03-13,low
CUST_01709,2022-10-07,retail,2026-04-29,low
CUST_01710,2025-03-02,business,2025-09-20,low
CUST_01711,2021-11-13,retail,2025-08-28,medium
CUST_01712,2024-03-24,high_net_worth,2025-10-14,low
CUST_01713,2023-04-01,business,2025-05-12,low
CUST_01714,2021-10-12,retail,2024-01-11,low
CUST_01715,2024-05-20,business,2025-11-17,low
CUST_01716,2025-07-14,retail,2026-07-23,low
CUST_01717,2022-10-26,retail,2026-05-22,medium
CUST_01718,2026-06-29,retail,2026-06-29,medium
CUST_01719,2024-04-03,business,2025-05-26,low
CUST_01720,2021-09-01,retail,2025-10-26,low
CUST_01721,2024-06-20,retail,2026-01-14,medium
CUST_01722,2023-02-18,business,2025-07-21,low
CUST_01723,2023-12-03,retail,2025-08-01,low
CUST_01724,2025-06-17,retail,2026-06-21,medium
CUST_01725,2024-12-12,retail,2026-02-28,low
CUST_01726,2023-12-06,retail,2026-01-01,low
CUST_01727,2026-01-03,business,2026-01-03,low
CUST_01728,2024-06-20,retail,2025-10-11,low
CUST_01729,2024-06-20,retail,2026-07-21,low
CUST_01730,2022-05-21,high_net_worth,2025-08-21,low
CUST_01731,2025-11-28,retail,2025-11-28,low
CUST_01732,2022-05-07,business,2025-11-17,low
CUST_01733,2024-06-28,retail,2025-11-30,low
CUST_01734,2023-04-19,business,2024-08-15,medium
CUST_01735,2023-10-06,business,2025-05-03,low
CUST_01736,2025-01-14,business,2025-12-23,low
CUST_01737,2021-11-29,retail,2024-03-21,low
CUST_01738,2025-05-30,retail,2025-10-23,low
CUST_01739,2026-05-06,business,2026-05-06,low
CUST_01740,2022-10-22,retail,2024-05-18,low
CUST_01741,2023-06-12,retail,2025-08-04,low
CUST_01742,2022-02-10,retail,2025-12-19,medium
CUST_01743,2024-04-03,high_net_worth,2025-09-15,medium
CUST_01744,2026-06-10,business,2026-06-14,medium
CUST_01745,2026-06-04,retail,2026-06-04,low
CUST_01746,2024-05-17,business,2024-05-17,low
CUST_01747,2025-04-15,retail,2025-12-16,low
CUST_01748,2021-12-14,retail,2026-05-04,low
CUST_01749,2025-12-08,retail,2025-12-08,medium
CUST_01750,2022-02-27,retail,2026-02-04,medium
CUST_01751,2025-06-13,retail,2025-07-23,low
CUST_01752,2025-12-06,business,2025-12-06,medium
CUST_01753,2025-03-01,business,2026-02-24,medium
CUST_01754,2025-10-23,retail,2025-10-23,low
CUST_01755,2024-07-14,retail,2024-07-14,medium
CUST_01756,2024-11-19,retail,2025-12-28,low
CUST_01757,2023-11-26,high_net_worth,2025-08-25,low
CUST_01758,2023-11-11,high_net_worth,2025-11-22,low
CUST_01759,2026-07-09,high_net_worth,2026-07-09,low
CUST_01760,2025-11-26,retail,2026-05-24,low
CUST_01761,2025-09-21,retail,2025-09-21,medium
CUST_01762,2025-07-23,retail,2026-03-14,low
CUST_01763,2026-01-22,retail,2026-01-22,low
CUST_01764,2024-12-18,retail,2025-06-08,low
CUST_01765,2023-10-20,retail,2026-06-15,low
CUST_01766,2024-12-28,high_net_worth,2025-03-20,low
CUST_01767,2024-11-22,retail,2025-05-10,low
CUST_01768,2024-03-13,retail,2026-04-22,high
CUST_01769,2023-10-22,business,2026-01-26,low
CUST_01770,2024-11-18,retail,2025-08-06,low
CUST_01771,2025-06-04,business,2025-06-04,low
CUST_01772,2024-06-30,retail,2025-06-29,low
CUST_01773,2026-05-28,business,2026-05-28,high
CUST_01774,2024-01-31,retail,2024-08-14,low
CUST_01775,2021-11-10,retail,2025-11-03,low
CUST_01776,2024-07-20,business,2025-03-16,low
CUST_01777,2025-12-26,retail,2025-12-26,medium
CUST_01778,2023-01-08,retail,2026-01-30,low
CUST_01779,2025-11-23,retail,2025-11-23,low
CUST_01780,2025-07-25,retail,2025-10-07,medium
CUST_01781,2025-10-18,business,2025-10-18,low
CUST_01782,2022-02-22,retail,2026-04-02,low
CUST_01783,2021-08-29,retail,2025-11-10,low
CUST_01784,2023-09-13,retail,2025-03-19,low
CUST_01785,2023-06-19,business,2025-10-09,high
CUST_01786,2023-04-29,retail,2025-06-01,low
CUST_01787,2023-07-02,retail,2025-05-18,medium
CUST_01788,2023-10-30,business,2025-07-17,low
CUST_01789,2021-08-20,retail,2025-10-06,low
CUST_01790,2022-11-22,business,2023-12-01,low
CUST_01791,2026-01-31,retail,2026-06-21,low
CUST_01792,2024-07-31,retail,2026-06-03,low
CUST_01793,2021-09-11,retail,2025-05-05,low
CUST_01794,2024-07-10,high_net_worth,2026-03-27,low
CUST_01795,2025-07-06,retail,2025-10-31,low
CUST_01796,2022-03-22,retail,2026-07-23,low
CUST_01797,2023-06-09,retail,2026-03-02,medium
CUST_01798,2023-09-26,retail,2025-08-26,low
CUST_01799,2024-06-10,retail,2024-06-10,low
CUST_01800,2025-11-27,retail,2026-07-03,low
CUST_01801,2024-08-15,retail,2024-11-29,medium
CUST_01802,2024-05-10,retail,2025-08-27,low
CUST_01803,2021-11-28,retail,2025-10-30,low
CUST_01804,2024-12-31,retail,2025-12-14,low
CUST_01805,2025-10-13,retail,2025-10-13,low
CUST_01806,2024-05-28,retail,2025-10-27,medium
CUST_01807,2021-08-01,retail,2025-07-04,low
CUST_01808,2024-02-19,retail,2025-03-31,medium
CUST_01809,2024-08-23,retail,2025-08-16,low
CUST_01810,2023-03-21,retail,2025-11-10,low
CUST_01811,2023-04-23,retail,2025-06-07,low
CUST_01812,2025-01-15,business,2025-03-25,low
CUST_01813,2021-09-23,retail,2026-06-05,low
CUST_01814,2023-08-02,business,2024-08-05,low
CUST_01815,2026-03-28,retail,2026-06-21,low
CUST_01816,2024-07-03,business,2025-07-03,low
CUST_01817,2021-12-13,retail,2025-05-11,low
CUST_01818,2024-07-29,retail,2025-12-31,high
CUST_01819,2023-09-17,retail,2025-04-28,low
CUST_01820,2023-06-28,high_net_worth,2025-10-02,low
CUST_01821,2023-01-13,retail,2025-05-08,low
CUST_01822,2022-03-15,retail,2025-07-15,low
CUST_01823,2025-10-13,retail,2026-05-09,low
CUST_01824,2023-12-18,business,2025-03-31,high
CUST_01825,2023-11-18,retail,2025-08-25,low
CUST_01826,2025-10-08,retail,2026-03-28,medium
CUST_01827,2023-03-09,retail,2025-07-31,low
CUST_01828,2025-12-09,high_net_worth,2026-02-22,medium
CUST_01829,2024-04-06,retail,2025-05-03,low
CUST_01830,2024-11-20,retail,2025-01-20,high
CUST_01831,2025-10-03,high_net_worth,2026-04-25,low
CUST_01832,2022-06-13,retail,2026-07-01,low
CUST_01833,2025-04-25,retail,2025-04-25,low
CUST_01834,2025-04-05,retail,2026-03-01,low
CUST_01835,2022-04-16,retail,2025-07-11,low
CUST_01836,2022-03-05,retail,2026-02-13,low
CUST_01837,2026-05-09,retail,2026-05-09,low
CUST_01838,2025-02-23,business,2025-12-22,low
CUST_01839,2023-01-04,business,2024-09-12,low
CUST_01840,2022-09-01,retail,2026-03-24,medium
CUST_01841,2021-07-28,retail,2025-04-26,low
CUST_01842,2023-10-11,retail,2025-06-10,low
CUST_01843,2026-06-27,high_net_worth,2026-06-27,low
CUST_01844,2022-03-12,retail,2025-06-02,low
CUST_01845,2025-09-22,retail,2025-09-22,low
CUST_01846,2025-12-04,retail,2025-12-04,low
CUST_01847,2023-03-08,retail,2025-06-20,low
CUST_01848,2023-07-14,retail,2025-03-22,low
CUST_01849,2026-03-24,business,2026-03-24,low
CUST_01850,2025-09-07,retail,2025-09-07,low
CUST_01851,2023-08-08,high_net_worth,2025-08-06,medium
CUST_01852,2025-04-04,retail,2025-05-16,low
CUST_01853,2023-02-18,business,2026-06-12,low
CUST_01854,2024-06-25,business,2026-04-25,low
CUST_01855,2023-08-11,high_net_worth,2025-12-05,medium
CUST_01856,2024-03-03,retail,2026-06-10,low
CUST_01857,2024-09-18,retail,2025-07-22,low
CUST_01858,2024-10-29,retail,2025-06-27,medium
CUST_01859,2023-01-25,retail,2025-06-15,low
CUST_01860,2023-12-22,retail,2026-05-28,low
CUST_01861,2023-07-31,high_net_worth,2025-08-14,low
CUST_01862,2023-08-31,high_net_worth,2025-05-03,low
CUST_01863,2025-06-30,retail,2025-07-05,low
CUST_01864,2021-12-31,retail,2025-09-25,low
CUST_01865,2023-09-25,business,2025-04-28,low
CUST_01866,2022-12-19,high_net_worth,2025-05-06,low
CUST_01867,2022-02-25,retail,2025-12-31,low
CUST_01868,2021-12-10,retail,2025-07-23,low
CUST_01869,2023-03-22,business,2025-10-16,low
CUST_01870,2022-08-16,retail,2025-05-12,low
CUST_01871,2024-03-09,retail,2025-08-07,low
CUST_01872,2022-11-13,high_net_worth,2024-07-20,low
CUST_01873,2024-12-05,high_net_worth,2025-07-13,low
CUST_01874,2022-12-30,high_net_worth,2024-02-02,low
CUST_01875,2026-02-05,business,2026-02-05,low
CUST_01876,2021-12-29,retail,2025-09-27,low
CUST_01877,2025-04-24,retail,2025-06-24,medium
CUST_01878,2023-04-09,retail,2026-02-08,high
CUST_01879,2026-06-20,retail,2026-06-20,medium
CUST_01880,2025-10-02,retail,2026-02-24,low
CUST_01881,2021-08-20,retail,2025-05-29,low
CUST_01882,2022-05-24,retail,2025-12-11,low
CUST_01883,2025-06-03,business,2026-01-23,low
CUST_01884,2025-11-16,retail,2025-11-16,low
CUST_01885,2022-06-27,retail,2026-03-23,low
CUST_01886,2021-08-13,retail,2026-01-11,low
CUST_01887,2025-09-08,retail,2025-09-08,low
CUST_01888,2023-03-27,business,2026-02-08,low
CUST_01889,2025-02-12,retail,2025-09-02,low
CUST_01890,2022-11-01,retail,2025-04-27,low
CUST_01891,2024-06-13,business,2025-05-15,medium
CUST_01892,2025-11-26,retail,2026-06-18,low
CUST_01893,2024-11-30,retail,2026-04-17,low
CUST_01894,2023-11-09,retail,2025-09-22,low
CUST_01895,2022-07-26,retail,2026-03-12,low
CUST_01896,2026-06-02,retail,2026-06-03,low
CUST_01897,2021-10-11,retail,2025-05-07,low
CUST_01898,2023-04-22,retail,2025-08-06,high
CUST_01899,2022-03-09,retail,2026-06-05,low
CUST_01900,2021-11-30,retail,2025-05-28,low
CUST_01901,2025-10-06,retail,2025-10-06,low
CUST_01902,2026-01-22,business,2026-01-22,medium
CUST_01903,2022-09-04,retail,2026-07-04,low
CUST_01904,2025-08-04,retail,2025-08-29,high
CUST_01905,2025-10-16,retail,2025-11-11,low
CUST_01906,2024-03-14,retail,2025-12-02,low
CUST_01907,2021-12-30,retail,2024-02-26,medium
CUST_01908,2022-07-31,business,2025-08-12,low
CUST_01909,2023-12-16,business,2025-07-23,low
CUST_01910,2025-07-20,retail,2026-01-21,high
CUST_01911,2024-11-09,retail,2025-06-07,low
CUST_01912,2023-02-10,high_net_worth,2026-04-09,low
CUST_01913,2025-09-29,retail,2026-04-19,medium
CUST_01914,2023-12-04,retail,2025-10-10,medium
CUST_01915,2026-06-19,retail,2026-06-19,high
CUST_01916,2024-11-29,retail,2026-05-31,medium
CUST_01917,2025-04-18,business,2025-11-29,low
CUST_01918,2023-02-24,retail,2026-07-15,medium
CUST_01919,2021-12-29,high_net_worth,2025-08-03,low
CUST_01920,2025-10-18,retail,2026-04-09,low
CUST_01921,2022-07-28,retail,2026-04-05,low
CUST_01922,2023-04-10,retail,2026-01-28,medium
CUST_01923,2021-09-19,retail,2024-04-26,low
CUST_01924,2022-01-03,retail,2025-11-28,medium
CUST_01925,2026-01-09,retail,2026-05-07,low
CUST_01926,2022-11-03,retail,2026-05-28,low
CUST_01927,2023-08-04,business,2025-03-29,low
CUST_01928,2025-12-18,retail,2025-12-18,low
CUST_01929,2025-04-01,retail,2025-04-01,low
CUST_01930,2021-12-06,retail,2026-02-26,low
CUST_01931,2023-11-01,retail,2026-05-28,low
CUST_01932,2024-11-05,business,2025-04-01,low
CUST_01933,2024-12-07,business,2026-06-25,low
CUST_01934,2022-05-16,business,2024-01-01,low
CUST_01935,2025-02-12,retail,2026-05-17,low
CUST_01936,2025-09-26,retail,2026-03-14,low
CUST_01937,2023-09-06,retail,2025-05-11,low
CUST_01938,2021-08-09,retail,2025-10-08,low
CUST_01939,2025-08-13,retail,2026-03-01,low
CUST_01940,2025-04-04,retail,2025-10-15,low
CUST_01941,2024-03-13,retail,2026-06-03,low
CUST_01942,2025-07-14,retail,2025-09-15,low
CUST_01943,2023-04-20,retail,2026-03-15,low
CUST_01944,2025-04-07,business,2025-05-10,low
CUST_01945,2025-11-20,high_net_worth,2025-11-20,low
CUST_01946,2025-03-25,retail,2025-11-01,medium
CUST_01947,2021-11-29,high_net_worth,2024-05-10,low
CUST_01948,2021-11-21,retail,2025-06-10,low
CUST_01949,2024-01-07,high_net_worth,2026-02-24,medium
CUST_01950,2024-07-16,high_net_worth,2025-11-17,low
CUST_01951,2022-06-18,retail,2025-06-11,low
CUST_01952,2025-07-24,business,2026-03-23,medium
CUST_01953,2023-04-14,high_net_worth,2026-07-03,low
CUST_01954,2023-02-26,high_net_worth,2025-05-24,medium
CUST_01955,2023-01-02,high_net_worth,2026-02-21,low
CUST_01956,2025-06-11,retail,2026-04-02,low
CUST_01957,2022-12-22,retail,2025-10-22,low
CUST_01958,2023-06-29,business,2025-09-11,low
CUST_01959,2022-03-10,retail,2025-09-01,medium
CUST_01960,2025-08-29,retail,2025-09-15,low
CUST_01961,2023-06-26,retail,2025-10-01,low
CUST_01962,2022-05-31,retail,2025-05-05,low
CUST_01963,2025-02-22,retail,2026-07-07,low
CUST_01964,2022-11-02,business,2024-04-01,low
CUST_01965,2026-01-11,retail,2026-01-11,medium
CUST_01966,2022-12-19,business,2025-04-27,low
CUST_01967,2023-07-09,business,2026-02-02,medium
CUST_01968,2025-07-27,retail,2025-07-27,low
CUST_01969,2026-03-12,retail,2026-07-03,low
CUST_01970,2022-10-30,retail,2025-06-20,low
CUST_01971,2025-04-30,high_net_worth,2025-04-30,low
CUST_01972,2024-01-22,business,2026-02-19,low
CUST_01973,2026-03-23,retail,2026-03-23,low
CUST_01974,2021-10-01,retail,2025-03-21,medium
CUST_01975,2023-10-21,retail,2025-11-19,medium
CUST_01976,2021-11-27,retail,2026-04-05,medium
CUST_01977,2025-09-23,high_net_worth,2026-03-27,high
CUST_01978,2025-07-03,business,2026-02-01,medium
CUST_01979,2023-07-02,retail,2025-09-18,low
CUST_01980,2023-07-12,business,2026-01-12,low
CUST_01981,2022-08-09,retail,2026-07-02,medium
CUST_01982,2021-12-04,business,2026-04-27,medium
CUST_01983,2022-06-14,retail,2025-03-28,high
CUST_01984,2025-10-30,retail,2026-01-25,medium
CUST_01985,2024-12-27,high_net_worth,2026-02-03,low
CUST_01986,2021-12-29,retail,2025-04-28,medium
CUST_01987,2023-10-21,retail,2025-11-17,medium
CUST_01988,2022-03-24,high_net_worth,2025-09-22,low
CUST_01989,2023-09-25,retail,2026-02-07,medium
CUST_01990,2026-04-11,retail,2026-04-11,low
CUST_01991,2024-03-07,retail,2026-07-04,medium
CUST_01992,2022-06-09,retail,2025-04-05,low
CUST_01993,2023-04-12,retail,2025-11-26,medium
CUST_01994,2025-11-12,retail,2025-11-12,low
CUST_01995,2025-06-25,business,2025-06-25,low
CUST_01996,2022-04-16,retail,2026-06-10,low
CUST_01997,2021-09-02,retail,2026-01-18,low
CUST_01998,2022-10-17,business,2026-06-24,low
CUST_01999,2026-01-14,retail,2026-01-14,high
